ID_Uzorka;Dubina;Temperatura;pH_Vrijednost;Vlaga;Metan;Organske_molekule
1;4,2;-44,3;6,67;3,47;Negativno;Ne
2;4,5;-63,5;6,78;4,94;Negativno;Ne
3;5,2;-71,2;7,08;4,5;Negativno;Ne
4;10,1;-47,5;6,39;1,04;Negativno;Ne
5;14,2;-62,4;6,3;5,17;Negativno;Ne
6;5,4;-40,2;7,4;0,8;Negativno;Ne
7;7,3;-72,3;7,48;5,68;Negativno;Ne
8;5,8;-52,9;7,85;2,54;Negativno;Ne
9;7,6;-52,0;7,37;2,41;Negativno;Ne
10;7,6;-48,2;7,29;4,46;Negativno;Ne
11;9,5;-73,6;6,91;2,36;Negativno;Da
12;12,1;-83,6;7,98;3,82;Negativno;Ne
13;5,6;-30,6;7,11;4,94;Negativno;Ne
14;2,7;-69,4;7,46;5,63;Negativno;Ne
15;10,1;-64,1;7,21;1,15;Negativno;Da
16;12,6;-37,5;7,32;5,03;Negativno;Ne
17;11,3;-60,2;6,37;0,25;Negativno;Ne
18;11,3;-46,7;7,0;3,03;Negativno;Ne
19;10,6;-66,8;7,17;0,73;Negativno;Ne
20;4,1;-17,7;7,46;0,3;Negativno;Ne
21;5,7;-73,5;7,68;0,97;Negativno;Ne
22;2,1;-78,0;7,15;1,69;Negativno;Ne
23;10,1;-57,9;6,59;4,32;Pozitivno;Ne
24;6,2;-56,1;5,86;1,98;Negativno;Ne
25;0,8;-37,2;7,3;5,8;Negativno;Ne
26;2,1;-29,5;7,11;3,76;Negativno;Ne
27;3,7;-73,5;7,33;5,83;Negativno;Ne
28;6,4;-38,6;6,82;1,61;Negativno;Ne
29;12,8;-51,2;5,94;3,36;Negativno;Ne
30;9,2;-34,8;6,31;5,48;Negativno;Ne
31;7,8;-35,3;6,9;3,66;Negativno;Ne
32;10,6;-15,9;7,67;0,57;Negativno;Ne
33;4,7;-37,0;6,24;4,69;Negativno;Ne
34;14,2;-68,5;7,27;5,4;Negativno;Ne
35;0,4;-10,5;6,49;1,69;Negativno;Ne
36;3,9;-23,9;6,75;1,82;Negativno;Ne
37;6,0;-48,5;6,48;3,59;Negativno;Ne
38;7,4;-34,6;6,1;3,44;Negativno;Ne
39;0,3;-37,0;7,28;0,18;Negativno;Ne
40;11,0;-61,1;7,59;0,55;Negativno;Ne
41;7,3;-66,4;7,34;2,98;Negativno;Ne
42;2,7;-41,6;6,76;3,14;Negativno;Ne
43;5,6;-57,4;6,36;5,26;Negativno;Ne
44;12,2;-61,1;6,94;2,01;Negativno;Ne
45;2,5;-40,3;6,56;2,06;Negativno;Ne
46;10,5;-41,9;7,69;1,04;Negativno;Ne
47;4,6;-79,9;6,4;3,91;Negativno;Ne
48;5,0;-51,0;6,82;1,26;Negativno;Ne
49;8,5;-58,0;6,34;4,95;Negativno;Ne
50;2,7;-40,8;7,54;0,4;Negativno;Da
51;7,3;-24,8;7,07;2,7;Negativno;Ne
52;13,7;-87,3;6,0;0,36;Negativno;Ne
53;12,8;-50,9;6,76;4,1;Negativno;Ne
54;10,7;-51,9;7,81;1,37;Negativno;Ne
55;11,5;-61,1;7,05;2,95;Pozitivno;Ne
56;5,2;-64,1;6,48;1,28;Negativno;Ne
57;12,4;-22,9;7,69;3,93;Negativno;Ne
58;11,8;-68,2;6,47;3,36;Negativno;Ne
59;14,1;-68,7;7,13;4,39;Negativno;Ne
60;11,0;-53,1;6,93;1,1;Negativno;Ne
61;8,4;-21,3;7,26;3,38;Negativno;Ne
62;2,0;-36,4;7,31;3,54;Negativno;Ne
63;0,2;-63,7;6,58;0,53;Negativno;Ne
64;4,4;-44,0;7,49;5,69;Negativno;Ne
65;6,7;-41,6;6,78;1,74;Negativno;Ne
66;8,5;-57,0;7,24;1,52;Negativno;Ne
67;11,7;-30,0;7,25;1,03;Negativno;Ne
68;14,2;-55,9;7,43;4,57;Negativno;Ne
69;6,7;-72,2;6,06;4,08;Negativno;Ne
70;6,4;-35,6;7,98;4,18;Negativno;Ne
71;11,8;-41,3;6,86;1,72;Negativno;Da
72;7,1;-31,4;7,69;5,42;Negativno;Ne
73;14,1;-23,1;7,64;0,17;Negativno;Ne
74;1,6;-14,8;6,89;6,364126783846046;Pozitivno;Da
75;6,8;-38,5;6,79;4,72;Negativno;Ne
76;8,1;-40,2;7,29;2,49;Negativno;Ne
77;1,4;-18,9;7,58;1,07;Negativno;Ne
78;12,0;-77,4;6,37;2,31;Negativno;Ne
79;0,1;-45,4;6,87;3,87;Negativno;Ne
80;9,9;-61,2;6,71;5,23;Negativno;Ne
81;7,4;-36,3;7,92;1,13;Negativno;Ne
82;7,2;-50,9;7,11;5,75;Negativno;Ne
83;2,7;-70,1;7,91;0,92;Negativno;Ne
84;4,5;-41,3;6,46;4,74;Negativno;Ne
85;6,9;-24,9;6,78;3,72;Negativno;Ne
86;1,8;-53,0;6,47;2,8;Negativno;Da
87;6,7;-53,6;7,27;5,47;Negativno;Ne
88;14,0;-40,5;6,96;0,51;Negativno;Ne
89;12,3;-51,8;6,65;5,61;Negativno;Ne
90;13,9;-27,2;6,97;0,71;Negativno;Ne
91;7,3;-71,5;6,53;4,05;Negativno;Ne
92;4,6;-65,1;6,79;1,83;Negativno;Ne
93;14,4;-49,4;7,49;5,54;Negativno;Ne
94;14,4;-49,0;7,34;2,03;Negativno;Ne
95;14,3;-49,1;6,01;4,55;Negativno;Ne
96;3,6;-57,2;7,27;2,06;Negativno;Ne
97;8,2;-73,8;6,6;2,03;Pozitivno;Ne
98;7,4;-34,8;7,16;5,62;Negativno;Ne
99;14,5;-71,3;7,48;5,03;Negativno;Ne
100;3,1;-42,4;7,24;4,16;Negativno;Ne
101;12,9;-44,6;6,85;1,17;Negativno;Ne
102;4,3;-49,1;6,28;5,19;Negativno;Ne
103;14,8;-43,9;7,29;4,06;Negativno;Ne
104;10,7;-46,7;7,65;3,59;Negativno;Ne
105;5,1;-46,2;8,21;1,15;Negativno;Ne
106;10,9;-25,3;6,55;3,56;Negativno;Ne
107;3,4;-50,3;6,98;0,4;Pozitivno;Ne
108;8,2;-50,3;6,23;3,11;Negativno;Ne
109;7,3;-53,2;6,7;5,22;Negativno;Ne
110;7,8;-59,5;6,92;5,67;Negativno;Ne
111;9,2;-24,5;7,96;1,98;Negativno;Ne
112;4,6;-59,2;7,62;2,43;Negativno;Da
113;9,7;-46,1;8,0;3,82;Negativno;Ne
114;2,6;-8,7;6,92;9,257381190463322;Pozitivno;Da
115;10,3;-42,9;6,11;0,46;Negativno;Da
116;10,7;-27,5;7,12;3,48;Negativno;Ne
117;5,4;-44,5;7,1;4,96;Negativno;Da
118;6,7;-62,7;7,35;3,51;Negativno;Ne
119;10,1;-62,1;6,58;5,9;Negativno;Ne
120;14,4;-57,5;6,81;1,43;Negativno;Ne
121;10,4;-49,8;6,75;2,61;Negativno;Ne
122;5,7;-76,5;6,05;3,64;Negativno;Ne
123;0,7;-61,5;6,29;5,67;Negativno;Ne
124;4,6;-43,3;7,94;1,38;Negativno;Ne
125;1,7;150,0;-2,0;1,66;Pozitivno;Ne
126;10,2;-66,6;7,18;4,85;Negativno;Ne
127;9,7;-29,9;7,3;3,66;Negativno;Ne
128;6,4;-46,7;6,96;5,31;Negativno;Ne
129;11,8;-69,6;6,85;5,9;Negativno;Ne
130;0,6;-35,2;7,0;5,22;Negativno;Ne
131;7,5;-48,4;5,16;0,91;Pozitivno;Ne
132;12,1;-51,8;7,99;3,06;Negativno;Ne
133;7,8;-45,3;7,86;1,34;Negativno;Ne
134;9,9;-25,9;7,15;2,76;Negativno;Ne
135;6,2;-80,2;7,35;1,65;Negativno;Ne
136;3,3;-59,4;7,69;2,95;Negativno;Da
137;12,3;-20,3;7,03;3,43;Negativno;Ne
138;9,0;-41,8;6,56;4,79;Negativno;Ne
139;2,3;-31,8;7,63;5,29;Pozitivno;Ne
140;5,7;-56,7;8,18;2,59;Negativno;Ne
141;11,6;-52,7;7,27;3,5;Negativno;Ne
142;2,2;-54,5;8,49;5,44;Negativno;Ne
143;5,6;-31,6;7,61;5,69;Negativno;Ne
144;13,5;-31,8;6,73;2,96;Negativno;Ne
145;12,2;-60,3;6,68;3,78;Negativno;Ne
146;4,9;-54,1;7,96;3,8;Negativno;Ne
147;2,6;-31,2;7,34;2,28;Negativno;Ne
148;13,1;-72,9;7,42;0,39;Negativno;Ne
149;6,6;-41,9;7,12;2,45;Negativno;Ne
150;6,5;-65,1;7,74;0,36;Negativno;Ne
151;9,0;-39,1;7,2;1,17;Negativno;Ne
152;1,5;-28,8;7,01;4,47;Negativno;Ne
153;13,9;-14,5;7,57;9,008774797867348;Pozitivno;Da
154;5,9;-30,6;7,62;0,6;Negativno;Ne
155;8,0;-45,1;7,5;5,89;Negativno;Ne
156;5,5;-28,4;7,32;0,59;Negativno;Ne
157;13,9;-27,4;7,27;3,77;Negativno;Ne
158;14,2;-25,0;6,45;0,58;Negativno;Ne
159;7,4;-42,5;6,94;2,45;Negativno;Da
160;6,9;-40,7;6,78;2,77;Negativno;Ne
161;2,2;-10,1;7,06;10,207381190463323;Pozitivno;Da
162;2,9;-28,5;7,44;5,76;Negativno;Ne
163;4,8;-31,4;7,14;0,35;Negativno;Ne
164;10,7;-43,3;6,24;3,48;Negativno;Ne
165;1,4;-46,8;5,99;0,37;Negativno;Ne
166;10,2;-14,9;7,04;2,0;Pozitivno;Ne
167;8,6;-51,8;6,36;0,37;Negativno;Ne
168;14,7;-57,7;6,61;0,35;Negativno;Ne
169;8,4;-38,2;6,72;5,39;Pozitivno;Ne
170;3,4;-65,4;6,33;5,23;Negativno;Ne
171;4,4;-71,2;7,81;0,83;Negativno;Ne
172;11,0;-60,7;7,18;0,32;Negativno;Da
173;11,0;-80,2;6,52;0,4;Negativno;Ne
174;12,1;-44,0;6,96;2,08;Negativno;Da
175;1,1;-6,7;6,89;8,164126783846045;Pozitivno;Da
176;9,7;-51,0;6,66;3,73;Negativno;Ne
177;11,7;-49,8;6,89;1,36;Negativno;Ne
178;9,1;-47,0;6,87;5,38;Negativno;Ne
179;10,9;-42,9;6,36;4,49;Negativno;Ne
180;9,2;-30,7;7,3;0,15;Negativno;Ne
181;1,8;-40,4;7,81;2,24;Negativno;Ne
182;6,1;-50,8;6,83;5,49;Negativno;Ne
183;10,5;-46,7;6,58;0,99;Negativno;Ne
184;10,6;-38,3;7,28;2,27;Negativno;Ne
185;12,1;-44,2;7,4;5,69;Negativno;Ne
186;11,6;-7,7;7,05;7,614126783846046;Pozitivno;Da
187;12,4;-24,7;6,35;5,03;Negativno;Ne
188;5,5;-21,8;7,03;4,86;Negativno;Ne
189;1,3;-66,1;7,42;5,67;Negativno;Ne
190;1,4;-34,8;6,81;1,05;Negativno;Ne
191;12,2;-44,6;7,27;1,53;Negativno;Ne
192;14,4;-65,7;7,77;5,4;Negativno;Da
193;5,6;-67,0;6,72;1,52;Negativno;Ne
194;12,0;-56,5;7,89;5,88;Negativno;Ne
195;6,2;-54,7;6,46;2,7;Negativno;Da
196;7,5;-46,0;7,59;3,62;Negativno;Ne
197;7,2;-51,1;6,86;3,86;Negativno;Ne
198;0,3;-57,8;7,08;2,97;Negativno;Ne
199;5,0;-62,6;6,43;2,66;Negativno;Ne
200;14,9;-69,5;6,1;3,66;Negativno;Ne
201;7,4;-31,0;7,03;4,13;Negativno;Ne
202;11,2;-64,1;7,72;5,86;Negativno;Ne
203;12,6;-69,5;6,73;3,04;Negativno;Ne
204;9,9;-55,6;6,95;5,91;Negativno;Ne
205;7,7;-42,2;7,46;5,95;Negativno;Ne
206;7,2;-27,9;6,84;3,21;Pozitivno;Ne
207;7,6;-26,9;7,11;5,76;Negativno;Ne
208;2,7;-25,7;7,11;5,1;Negativno;Ne
209;13,2;-61,9;7,16;2,48;Negativno;Ne
210;9,1;-43,9;7,25;3,83;Negativno;Ne
211;6,1;-70,4;6,85;1,42;Negativno;Ne
212;14,7;-50,8;6,61;2,52;Negativno;Ne
213;14,0;-67,5;6,4;3,73;Negativno;Ne
214;14,9;-57,5;6,35;5,3;Negativno;Ne
215;3,6;-52,2;7,46;5,41;Pozitivno;Ne
216;8,6;-51,2;7,61;2,26;Negativno;Ne
217;6,2;-32,0;6,77;0,72;Negativno;Ne
218;6,1;-81,7;7,34;3,8;Negativno;Ne
219;7,2;-65,8;6,68;3,41;Negativno;Ne
220;14,9;-73,1;7,49;4,92;Negativno;Da
221;1,6;-41,2;7,22;5,12;Negativno;Da
222;5,2;-50,3;6,65;1,36;Negativno;Ne
223;8,3;-54,8;6,45;0,61;Pozitivno;Ne
224;12,7;-48,2;7,97;1,89;Negativno;Ne
225;12,7;-56,1;7,27;0,73;Pozitivno;Ne
226;14,3;-22,2;6,64;2,45;Negativno;Ne
227;0,9;-44,3;8,11;5,15;Negativno;Ne
228;14,1;-45,1;6,99;0,55;Negativno;Da
229;4,7;-44,5;6,79;2,05;Negativno;Da
230;2,8;-33,6;7,14;2,66;Negativno;Ne
231;14,2;-39,1;6,85;5,02;Pozitivno;Ne
232;2,0;-67,3;7,83;5,57;Negativno;Ne
233;11,6;-40,6;6,5;5,77;Negativno;Ne
234;7,1;-69,3;7,03;1,17;Negativno;Ne
235;6,3;-52,1;6,98;4,4;Negativno;Ne
236;12,8;-38,7;6,51;5,06;Negativno;Ne
237;9,3;-60,7;6,19;3,85;Negativno;Ne
238;13,5;-66,7;6,7;1,15;Pozitivno;Da
239;8,3;-59,4;7,27;5,32;Negativno;Ne
240;13,6;-57,5;6,67;4,47;Negativno;Ne
241;2,8;-61,5;6,53;3,31;Negativno;Ne
242;10,4;-49,3;6,5;4,92;Negativno;Ne
243;9,9;-53,9;6,82;0,57;Negativno;Ne
244;5,1;-21,2;7,07;2,57;Negativno;Ne
245;5,4;-30,6;7,04;5,35;Pozitivno;Ne
246;3,7;-53,6;6,71;2,1;Negativno;Ne
247;8,4;-76,5;7,8;3,38;Negativno;Ne
248;14,7;-55,7;7,7;4,76;Negativno;Ne
249;14,3;-37,7;8,02;5,95;Negativno;Ne
250;10,6;-26,4;6,88;3,64;Negativno;Ne
251;6,1;-43,5;7,24;1,04;Negativno;Ne
252;3,3;-30,2;6,86;0,25;Pozitivno;Ne
253;7,6;-51,9;6,58;0,4;Pozitivno;Ne
254;13,2;-37,0;7,41;2,64;Negativno;Da
255;12,6;-45,8;6,42;3,64;Negativno;Ne
256;3,3;-55,8;7,18;1,04;Negativno;Ne
257;11,4;-39,8;7,08;2,26;Negativno;Ne
258;0,4;-36,4;7,29;1,61;Negativno;Ne
259;11,7;-48,8;7,26;0,3;Negativno;Ne
260;10,7;-35,4;7,76;2,35;Negativno;Ne
261;4,4;-34,1;5,92;1,17;Negativno;Ne
262;11,9;-29,5;7,53;3,5;Negativno;Ne
263;6,1;-51,6;7,18;0,1;Negativno;Ne
264;10,5;-47,9;7,21;2,62;Negativno;Ne
265;12,7;-54,9;6,6;2,99;Negativno;Ne
266;6,9;-43,8;7,0;2,27;Negativno;Ne
267;14,5;-42,2;7,58;4,44;Negativno;Ne
268;1,7;-60,1;7,26;3,22;Negativno;Da
269;7,5;-65,6;6,73;5,02;Negativno;Ne
270;4,7;-43,7;7,6;3,76;Negativno;Ne
271;4,8;-39,6;6,78;0,79;Negativno;Ne
272;13,0;-72,9;7,74;0,53;Negativno;Ne
273;5,8;-52,8;7,4;1,29;Negativno;Ne
274;6,5;-50,4;8,33;2,16;Pozitivno;Ne
275;6,9;-38,3;7,09;1,6;Negativno;Ne
276;2,2;-92,6;7,31;0,89;Negativno;Ne
277;10,0;-47,5;6,64;0,66;Negativno;Ne
278;11,6;-42,3;6,06;0,21;Negativno;Ne
279;6,4;-82,6;7,46;4,99;Negativno;Ne
280;2,1;-61,8;7,62;5,29;Negativno;Ne
281;5,9;-62,0;7,62;0,37;Negativno;Ne
282;8,4;-37,4;6,87;0,85;Negativno;Ne
283;5,0;-50,0;7,41;4,03;Negativno;Ne
284;6,1;-29,1;6,88;5,49;Negativno;Ne
285;5,6;-36,2;6,86;5,18;Negativno;Ne
286;0,9;-43,6;7,44;3,48;Negativno;Ne
287;1,4;-36,8;7,15;3,27;Negativno;Ne
288;5,1;-58,6;7,65;5,72;Negativno;Ne
289;3,9;-44,6;7,54;5,43;Negativno;Ne
290;0,9;-59,7;7,35;5,19;Negativno;Ne
291;0,5;-39,0;6,55;2,47;Negativno;Ne
292;11,9;-54,9;6,48;2,68;Negativno;Da
293;11,7;-42,8;7,04;3,51;Negativno;Ne
294;0,2;-23,8;7,07;2,05;Negativno;Ne
295;7,7;-58,9;7,37;3,29;Negativno;Ne
296;2,4;-61,3;7,14;4,35;Negativno;Ne
297;13,0;-67,0;7,3;2,6;Negativno;Ne
298;13,1;-62,4;6,9;1,49;Negativno;Ne
299;1,8;-51,1;6,82;5,05;Negativno;Ne
300;6,1;-77,8;7,61;4,05;Negativno;Ne
301;0,9;-43,0;7,06;5,25;Negativno;Ne
302;2,8;-19,7;6,27;1,23;Negativno;Ne
303;5,5;-61,5;6,75;1,55;Negativno;Ne
304;4,1;-30,1;7,4;4,58;Negativno;Ne
305;2,3;-43,7;6,64;4,14;Negativno;Ne
306;12,7;-50,6;6,89;1,59;Negativno;Ne
307;2,4;-42,4;6,49;2,27;Negativno;Ne
308;11,1;-46,0;6,91;0,54;Negativno;Ne
309;5,0;-24,5;7,39;3,68;Pozitivno;Ne
310;0,6;-39,4;7,31;1,11;Negativno;Ne
311;5,3;-56,2;6,35;3,13;Negativno;Ne
312;0,6;-65,4;6,37;0,48;Negativno;Da
313;6,8;-50,5;6,21;0,4;Negativno;Ne
314;12,3;-32,3;7,61;1,86;Negativno;Ne
315;9,2;-62,1;6,48;5,28;Negativno;Ne
316;13,0;-11,4;7,56;5,5273811904633225;Pozitivno;Da
317;10,9;-57,1;7,88;4,44;Negativno;Ne
318;12,5;-67,4;7,19;3,95;Negativno;Ne
319;13,7;-19,6;6,01;2,25;Negativno;Ne
320;1,5;-49,6;6,47;4,82;Negativno;Ne
321;0,7;-38,2;6,87;3,95;Negativno;Ne
322;11,7;-82,8;6,53;4,6;Negativno;Ne
323;6,2;-43,2;6,54;4,89;Negativno;Ne
324;0,4;-38,3;7,76;4,35;Negativno;Ne
325;14,7;-51,7;7,35;4,15;Negativno;Ne
326;8,0;-47,0;6,88;2,58;Negativno;Ne
327;13,3;-57,8;6,45;5,02;Negativno;Ne
328;4,7;-42,5;7,03;1,03;Negativno;Ne
329;10,2;-31,6;7,19;4,73;Negativno;Ne
330;6,2;-32,2;7,09;4,89;Negativno;Ne
331;12,7;-47,9;7,24;4,72;Negativno;Ne
332;7,9;-47,6;7,05;0,7;Negativno;Ne
333;14,3;-14,8;6,63;9,994126783846045;Pozitivno;Da
334;2,3;-67,7;7,58;4,14;Negativno;Ne
335;10,6;-42,1;7,61;5,87;Negativno;Ne
336;4,7;-39,0;7,22;2,08;Negativno;Ne
337;2,7;-60,9;6,41;4,6;Negativno;Ne
338;5,7;-36,4;6,92;3,0;Negativno;Ne
339;1,4;-60,8;6,14;4,29;Negativno;Ne
340;13,5;-47,2;6,94;1,74;Negativno;Ne
341;8,7;-45,1;7,91;1,17;Negativno;Ne
342;4,6;-17,4;7,31;9,494126783846045;Pozitivno;Da
343;13,1;-81,3;7,29;1,15;Negativno;Ne
344;13,3;-79,6;6,65;4,69;Negativno;Ne
345;9,5;-16,8;6,69;1,59;Negativno;Ne
346;13,8;-44,2;7,48;5,01;Negativno;Ne
347;7,3;-57,7;6,71;4,84;Negativno;Ne
348;13,7;-47,1;6,99;4,3;Negativno;Ne
349;2,1;-30,5;7,72;3,96;Negativno;Ne
350;1,6;-44,3;7,61;3,99;Negativno;Ne
351;5,2;-59,3;8,06;2,89;Negativno;Ne
352;14,0;-35,7;6,84;0,2;Negativno;Ne
353;13,0;-65,0;7,69;3,76;Negativno;Ne
354;6,6;-59,1;7,87;5,84;Negativno;Da
355;3,3;-52,6;6,97;5,39;Negativno;Ne
356;6,7;-55,6;6,74;5,0;Negativno;Ne
357;0,6;-48,4;6,44;0,61;Negativno;Ne
358;7,0;-10,5;6,77;2,58;Negativno;Ne
359;12,0;-82,4;6,61;1,4;Negativno;Ne
360;6,0;-27,8;6,76;0,9;Pozitivno;Ne
361;14,9;-50,4;6,42;2,31;Pozitivno;Ne
362;0,8;-20,5;7,34;2,78;Negativno;Ne
363;5,8;-35,7;7,44;1,37;Negativno;Ne
364;0,3;-40,8;5,94;1,61;Negativno;Ne
365;12,5;-56,7;6,85;5,76;Negativno;Ne
366;7,7;-71,6;7,36;1,05;Negativno;Ne
367;14,2;-54,9;7,14;4,84;Negativno;Ne
368;4,7;-28,6;7,9;5,36;Negativno;Ne
369;2,9;-60,9;6,1;0,93;Negativno;Ne
370;14,0;-54,3;7,79;1,17;Negativno;Da
371;13,8;-68,3;6,62;4,12;Negativno;Ne
372;7,7;-45,2;7,26;4,86;Negativno;Ne
373;11,6;-46,1;6,81;3,8;Negativno;Ne
374;1,5;-24,4;6,81;2,41;Negativno;Ne
375;7,8;-38,8;6,55;3,88;Negativno;Ne
376;11,3;-25,8;6,59;0,37;Negativno;Ne
377;1,2;-59,9;7,31;4,64;Negativno;Ne
378;5,8;-31,7;7,57;0,76;Pozitivno;Ne
379;14,4;-31,9;6,89;2,58;Negativno;Ne
380;14,4;-53,8;6,3;0,7;Pozitivno;Ne
381;6,8;-28,9;6,38;1,0;Negativno;Ne
382;5,5;-36,8;6,88;1,23;Negativno;Ne
383;4,9;4,9;6,85;2,23;Negativno;Ne
384;12,2;-56,2;7,45;4,24;Negativno;Ne
385;1,7;-46,1;7,4;0,94;Negativno;Ne
386;6,5;-56,6;7,19;2,03;Negativno;Ne
387;3,2;-40,6;7,59;0,83;Negativno;Ne
388;7,5;-78,5;6,21;4,72;Negativno;Ne
389;7,0;-47,0;7,01;4,89;Negativno;Ne
390;13,8;-53,0;7,07;2,89;Negativno;Ne
391;13,1;-73,6;7,24;5,93;Pozitivno;Ne
392;2,9;-38,4;7,64;2,51;Negativno;Ne
393;5,6;-48,1;6,62;4,91;Negativno;Ne
394;13,6;-46,2;7,21;0,8;Negativno;Ne
395;5,5;-45,9;7,01;1,02;Negativno;Ne
396;9,8;-60,2;7,1;3,42;Negativno;Ne
397;3,2;-46,9;7,26;4,13;Negativno;Ne
398;13,2;-73,3;7,02;3,52;Negativno;Ne
399;8,8;-38,9;7,24;1,43;Negativno;Ne
400;11,9;-43,0;6,66;4,61;Negativno;Ne
401;8,0;-54,1;6,13;3,78;Pozitivno;Ne
402;2,4;-24,4;6,38;2,45;Negativno;Ne
403;5,2;-56,3;6,8;2,68;Negativno;Ne
404;12,7;-40,9;7,52;5,02;Negativno;Ne
405;11,7;-73,0;7,45;3,67;Negativno;Ne
406;13,2;-44,1;6,57;5,98;Negativno;Ne
407;3,7;-49,0;7,31;0,47;Negativno;Ne
408;13,7;-54,9;6,56;4,88;Pozitivno;Da
409;12,1;-45,8;6,75;2,05;Negativno;Ne
410;1,8;-57,3;7,17;2,41;Negativno;Ne
411;2,5;-45,7;6,91;3,56;Negativno;Ne
412;7,5;-42,8;7,11;1,89;Negativno;Ne
413;12,4;-44,9;7,14;1,84;Negativno;Ne
414;0,1;-51,7;7,35;4,87;Negativno;Ne
415;1,1;-41,3;6,95;2,03;Negativno;Ne
416;10,0;-33,4;6,06;1,2;Negativno;Ne
417;14,2;-38,4;6,68;2,22;Negativno;Ne
418;11,8;-33,9;6,53;1,15;Negativno;Ne
419;2,6;-72,8;7,58;1,4;Negativno;Ne
420;8,5;-44,0;7,09;2,15;Negativno;Ne
421;13,6;-58,4;7,19;4,03;Negativno;Ne
422;0,3;-49,1;7,43;5,66;Negativno;Ne
423;9,7;-53,9;6,5;5,23;Negativno;Ne
424;1,9;-44,1;6,25;4,31;Pozitivno;Ne
425;5,5;-38,5;6,84;0,16;Negativno;Ne
426;1,8;-60,2;6,95;5,58;Negativno;Ne
427;4,4;-46,6;7,08;1,45;Negativno;Da
428;6,9;-56,3;6,95;4,83;Negativno;Ne
429;10,1;-60,2;7,09;4,02;Negativno;Ne
430;13,1;-41,1;7,06;2,71;Pozitivno;Ne
431;13,4;-36,0;7,29;1,22;Negativno;Ne
432;11,4;-76,2;6,76;0,86;Negativno;Ne
433;4,3;-74,4;6,67;2,83;Negativno;Ne
434;1,6;-42,9;6,9;2,87;Negativno;Ne
435;6,7;-44,4;7,01;3,44;Negativno;Ne
436;13,2;-51,3;8,48;3,27;Negativno;Ne
437;6,5;-53,1;7,47;4,05;Pozitivno;Ne
438;6,9;-75,1;7,31;3,66;Negativno;Ne
439;0,6;-56,9;7,02;4,17;Negativno;Ne
440;3,4;-41,7;6,86;3,94;Negativno;Ne
441;3,1;-60,2;7,33;5,67;Negativno;Ne
442;1,3;-53,8;6,9;5,62;Negativno;Ne
443;5,2;-73,8;6,72;1,36;Negativno;Ne
444;9,4;-44,4;6,4;2,67;Negativno;Ne
445;12,3;-57,6;6,7;4,35;Negativno;Ne
446;12,0;-37,8;7,75;4,85;Negativno;Ne
447;8,2;-60,2;7,04;0,33;Negativno;Ne
448;1,5;-32,3;7,95;1,22;Negativno;Ne
449;7,3;-47,5;7,29;3,05;Negativno;Ne
450;10,0;-43,9;8,17;5,95;Pozitivno;Ne
451;10,3;-42,4;7,98;1,84;Negativno;Ne
452;12,0;-18,4;6,82;3,28;Negativno;Ne
453;7,4;-37,2;6,27;2,6;Negativno;Ne
454;14,7;-40,3;6,84;0,38;Negativno;Ne
455;8,0;-38,8;6,2;0,18;Negativno;Ne
456;14,0;-52,9;6,32;3,21;Negativno;Ne
457;9,8;-36,7;7,09;2,22;Negativno;Ne
458;10,7;-52,4;7,25;4,27;Negativno;Ne
459;10,7;-51,2;6,73;0,92;Negativno;Ne
460;14,1;-32,5;6,98;4,69;Negativno;Ne
461;9,5;-47,4;6,28;1,76;Pozitivno;Da
462;6,2;-40,1;7,16;0,92;Negativno;Ne
463;8,6;-37,5;7,52;4,38;Negativno;Ne
464;12,2;-52,5;7,65;2,11;Negativno;Ne
465;4,6;-94,9;6,82;1,56;Negativno;Ne
466;0,4;-26,6;7,08;0,49;Negativno;Ne
467;14,7;-61,1;6,93;0,12;Negativno;Ne
468;10,4;-53,4;7,37;2,63;Negativno;Ne
469;5,0;-18,0;6,87;5,8;Pozitivno;Ne
470;0,4;-80,4;7,22;5,66;Negativno;Ne
471;9,5;-41,5;6,62;5,53;Negativno;Ne
472;8,4;-57,3;7,15;4,48;Negativno;Ne
473;14,8;-49,7;6,91;0,58;Negativno;Ne
474;13,9;-30,6;6,56;5,58;Negativno;Ne
475;11,9;-58,9;7,35;3,61;Negativno;Ne
476;2,6;-43,5;7,06;1,69;Negativno;Da
477;0,9;-39,8;7,6;4,13;Negativno;Ne
478;1,0;-38,7;6,67;0,49;Negativno;Ne
479;1,0;-76,9;7,51;1,39;Negativno;Ne
480;6,2;-67,8;7,06;1,07;Negativno;Ne
481;6,0;-57,6;7,2;5,13;Negativno;Ne
482;3,0;-27,4;7,0;1,83;Negativno;Ne
483;12,3;-42,7;7,69;4,88;Negativno;Ne
484;13,1;-38,9;6,56;2,91;Negativno;Ne
485;5,0;-26,4;7,13;0,82;Negativno;Ne
486;10,4;-55,3;6,88;3,01;Negativno;Ne
487;4,9;-43,2;6,96;5,09;Negativno;Ne
488;4,4;-34,3;5,95;1,73;Negativno;Ne
489;7,5;-68,2;7,34;4,35;Negativno;Ne
490;12,8;-58,6;6,8;2,18;Negativno;Ne
491;9,3;-33,1;7,35;4,67;Negativno;Ne
492;10,8;-67,7;6,76;4,56;Negativno;Ne
493;6,5;-49,4;6,6;2,67;Negativno;Ne
494;9,0;-68,2;6,13;3,37;Negativno;Ne
495;13,9;-48,0;6,59;3,67;Negativno;Ne
496;4,3;-64,4;7,35;3,69;Negativno;Ne
497;14,9;-29,2;7,07;3,1;Negativno;Ne
498;11,0;-39,3;7,14;0,28;Negativno;Ne
499;14,3;-55,3;6,72;1,37;Negativno;Ne
500;2,1;-52,4;6,85;5,63;Negativno;Ne
501;7,8;-76,9;7,34;5,09;Negativno;Ne
502;1,3;-53,3;8,06;3,08;Negativno;Ne
503;13,9;-83,4;6,53;3,69;Pozitivno;Ne
504;9,1;-69,9;6,54;1,24;Negativno;Ne
505;13,8;-72,4;6,35;5,52;Negativno;Ne
506;10,2;-59,3;7,58;4,04;Pozitivno;Ne
507;9,1;-67,1;7,24;5,72;Negativno;Ne
508;0,8;-5,4;6,05;6,257381190463322;Pozitivno;Da
509;3,7;-69,1;6,65;3,58;Negativno;Ne
510;8,0;-60,7;7,02;3,89;Negativno;Ne
511;13,4;-49,0;6,5;2,69;Negativno;Ne
512;15,0;-48,1;6,79;2,35;Negativno;Ne
513;12,9;-34,6;7,35;2,35;Negativno;Ne
514;6,3;-40,7;7,19;5,08;Negativno;Ne
515;9,6;-50,6;7,04;5,65;Negativno;Ne
516;11,5;-48,1;7,13;1,38;Negativno;Ne
517;13,9;-39,4;7,15;2,84;Negativno;Ne
518;14,7;-47,7;7,21;5,58;Negativno;Ne
519;10,6;-61,1;6,65;0,35;Negativno;Ne
520;7,5;-56,2;6,43;0,7;Negativno;Ne
521;4,2;-46,9;7,49;4,2;Negativno;Ne
522;4,4;-20,1;7,56;0,98;Negativno;Ne
523;12,6;-37,9;7,55;3,7;Negativno;Ne
524;2,0;-59,4;6,53;5,16;Negativno;Ne
525;2,1;-83,2;7,21;3,78;Negativno;Ne
526;3,4;-28,7;6,41;5,29;Negativno;Ne
527;2,3;-20,6;7,15;5,52;Negativno;Ne
528;7,9;-48,7;7,19;5,31;Negativno;Da
529;3,8;-5,1;6,85;8,084126783846045;Pozitivno;Da
530;1,7;-50,5;7,29;4,16;Negativno;Ne
531;8,5;-39,2;6,62;2,25;Negativno;Ne
532;7,9;-37,6;7,56;1,43;Negativno;Ne
533;14,0;-54,1;6,73;1,54;Negativno;Ne
534;7,2;-40,4;6,91;2,84;Negativno;Ne
535;2,0;-57,4;6,79;3,09;Negativno;Ne
536;8,1;-42,1;7,17;1,89;Negativno;Ne
537;10,9;-67,7;6,33;3,69;Negativno;Ne
538;12,9;-36,1;7,05;1,89;Negativno;Ne
539;11,4;-19,8;7,6;2,85;Negativno;Ne
540;7,0;-38,3;6,84;3,37;Negativno;Ne
541;14,9;-38,5;6,4;0,73;Negativno;Da
542;14,5;-18,8;7,4;3,24;Negativno;Ne
543;2,2;-34,4;5,5;0,65;Negativno;Ne
544;5,0;-48,3;7,3;4,76;Negativno;Ne
545;10,0;-26,8;6,66;5,01;Negativno;Ne
546;11,9;-54,1;7,43;4,18;Negativno;Ne
547;6,2;-37,8;7,39;0,19;Negativno;Ne
548;3,5;-63,7;7,42;1,98;Negativno;Ne
549;6,6;-56,5;8,08;3,74;Pozitivno;Ne
550;3,0;-68,7;7,63;4,6;Negativno;Da
551;3,0;-48,8;6,94;0,37;Negativno;Ne
552;14,2;-75,5;7,32;3,52;Negativno;Ne
553;14,5;-54,6;6,95;2,04;Negativno;Ne
554;10,6;-25,7;7,5;0,5;Negativno;Ne
555;1,3;-65,0;7,38;1,23;Negativno;Ne
556;14,2;-29,6;7,5;4,34;Negativno;Ne
557;0,3;-17,4;7,39;5,57;Negativno;Ne
558;12,1;-58,6;7,07;0,37;Negativno;Ne
559;12,8;-47,7;7,62;5,7;Negativno;Ne
560;1,2;-65,2;6,84;1,97;Negativno;Ne
561;6,7;-53,6;7,11;4,97;Negativno;Ne
562;13,2;-55,6;6,53;3,19;Negativno;Ne
563;10,5;-52,1;6,7;2,48;Negativno;Ne
564;11,7;-60,5;7,34;2,82;Negativno;Ne
565;1,8;-68,6;7,93;1,69;Negativno;Ne
566;3,3;-81,2;6,99;1,69;Negativno;Ne
567;7,1;-23,8;7,34;3,72;Negativno;Ne
568;7,5;-45,3;7,61;2,7;Negativno;Ne
569;1,2;-36,1;6,8;0,81;Negativno;Ne
570;10,4;-46,7;6,43;2,45;Negativno;Ne
571;7,0;-35,9;7,23;1,55;Negativno;Da
572;9,0;-54,5;7,32;0,42;Negativno;Ne
573;8,2;-20,1;6,67;0,2;Negativno;Ne
574;0,4;-53,5;6,9;4,37;Negativno;Ne
575;7,5;-37,2;6,83;0,61;Negativno;Ne
576;2,7;-53,1;7,66;2,87;Negativno;Ne
577;12,2;-38,1;6,85;4,95;Negativno;Ne
578;6,1;-44,7;7,73;1,86;Negativno;Ne
579;5,4;-56,6;6,89;0,17;Negativno;Ne
580;14,8;-18,3;8,42;8,704126783846046;Pozitivno;Da
581;7,3;-61,2;6,62;2,57;Negativno;Ne
582;10,4;-17,8;6,86;0,11;Negativno;Ne
583;13,4;-33,1;6,9;2,67;Negativno;Ne
584;12,7;-34,4;7,26;2,38;Negativno;Ne
585;2,8;-54,5;7,14;2,57;Negativno;Ne
586;13,2;-51,7;6,52;4,12;Negativno;Ne
587;10,9;-56,4;7,58;0,43;Negativno;Ne
588;7,1;-51,0;7,6;4,76;Negativno;Ne
589;5,6;-70,4;7,0;0,15;Negativno;Ne
590;6,0;-44,3;7,04;5,07;Negativno;Ne
591;2,2;-80,5;7,74;3,34;Negativno;Ne
592;8,1;-44,6;7,59;4,88;Negativno;Da
593;11,4;-10,8;7,73;7,234126783846046;Pozitivno;Da
594;3,6;-82,4;6,55;3,83;Negativno;Ne
595;10,8;-47,9;6,12;0,56;Negativno;Ne
596;8,3;-56,1;7,48;2,62;Negativno;Da
597;12,8;-59,2;6,82;1,1;Pozitivno;Ne
598;11,3;-44,6;7,08;1,55;Negativno;Ne
599;7,1;-28,8;6,3;3,6;Negativno;Ne
600;11,8;-38,3;6,68;3,74;Negativno;Ne
601;9,9;-61,5;6,59;5,76;Negativno;Ne
602;5,3;-52,3;7,4;5,83;Negativno;Ne
603;5,7;-39,1;6,84;3,43;Negativno;Ne
604;11,6;-33,1;6,46;0,24;Negativno;Ne
605;9,7;-55,2;7,93;4,51;Negativno;Ne
606;1,7;-49,9;7,13;5,3;Negativno;Ne
607;9,1;-57,2;7,7;5,48;Negativno;Ne
608;2,2;-63,6;6,99;3,8;Negativno;Da
609;13,3;-41,8;7,38;5,5;Negativno;Ne
610;8,5;-31,1;7,81;5,02;Pozitivno;Ne
611;8,5;-42,1;6,78;4,22;Negativno;Da
612;13,9;-43,5;6,83;2,04;Negativno;Ne
613;8,8;-67,2;7,06;5,56;Negativno;Ne
614;9,7;-47,7;6,82;0,3;Negativno;Ne
615;7,4;-37,6;6,75;1,15;Pozitivno;Ne
616;13,2;-60,7;6,6;3,11;Negativno;Ne
617;10,7;-5,6;7,16;6,392945029264052;Pozitivno;Da
618;5,3;-48,7;6,8;0,6;Negativno;Ne
619;10,2;-38,8;7,35;1,46;Negativno;Ne
620;2,1;-57,6;6,63;3,36;Negativno;Ne
621;5,6;-40,2;6,77;1,79;Negativno;Ne
622;1,5;-58,7;7,93;3,33;Negativno;Ne
623;10,9;-82,3;6,89;0,32;Negativno;Ne
624;8,3;-39,0;6,72;3,36;Negativno;Ne
625;6,8;-50,9;6,47;2,41;Negativno;Ne
626;3,1;-62,7;7,93;1,22;Negativno;Da
627;1,8;-83,8;6,75;0,71;Negativno;Ne
628;10,7;-52,2;6,87;4,17;Negativno;Ne
629;5,7;-20,8;7,09;4,08;Negativno;Ne
630;13,4;-40,8;6,68;3,47;Negativno;Ne
631;11,5;-32,4;7,07;0,74;Negativno;Ne
632;7,5;-33,5;6,99;5,32;Negativno;Ne
633;0,3;-55,4;7,11;3,37;Negativno;Ne
634;11,8;-41,7;7,35;0,15;Negativno;Ne
635;6,3;-66,9;7,05;2,93;Negativno;Ne
636;13,6;-56,8;6,54;3,03;Negativno;Ne
637;11,4;-71,0;7,29;0,38;Negativno;Da
638;9,9;-66,5;7,43;5,79;Negativno;Ne
639;0,1;-37,3;7,59;5,25;Negativno;Ne
640;14,6;-51,5;6,73;0,34;Negativno;Ne
641;2,1;-71,7;7,29;3,88;Negativno;Ne
642;6,3;-83,9;7,32;0,57;Negativno;Ne
643;8,7;-43,0;7,09;2,21;Negativno;Ne
644;1,1;-35,2;6,01;4,57;Pozitivno;Ne
645;9,8;-40,6;6,82;3,02;Negativno;Ne
646;3,3;-34,5;7,17;4,84;Negativno;Ne
647;7,7;-57,5;6,91;5,25;Negativno;Ne
648;7,5;-61,1;7,41;2,09;Negativno;Da
649;10,4;-61,7;7,06;0,55;Negativno;Ne
650;6,5;-52,2;7,43;2,55;Negativno;Ne
651;8,7;-40,8;5,81;0,79;Negativno;Ne
652;5,1;-50,7;7,09;2,35;Negativno;Ne
653;9,3;-62,3;6,66;3,88;Negativno;Ne
654;0,4;-59,8;6,81;5,5;Negativno;Ne
655;2,3;-71,5;6,77;4,11;Negativno;Ne
656;7,9;-70,4;7,02;1,69;Negativno;Ne
657;4,7;-57,9;8,03;1,25;Negativno;Ne
658;13,7;-45,0;7,17;0,41;Negativno;Ne
659;3,4;-59,3;7,24;2,27;Negativno;Ne
660;10,5;-77,6;6,13;0,18;Negativno;Ne
661;11,4;-37,8;6,94;2,76;Negativno;Ne
662;9,0;-55,8;6,14;2,11;Negativno;Ne
663;11,5;-40,3;7,98;0,68;Negativno;Ne
664;3,3;-56,4;6,49;3,78;Negativno;Ne
665;3,6;-49,0;8,4;5,11;Negativno;Ne
666;5,7;-48,2;6,95;2,09;Negativno;Ne
667;11,1;-77,0;7,14;1,25;Negativno;Ne
668;7,3;-33,4;7,06;4,05;Negativno;Ne
669;2,7;-21,6;6,66;1,26;Negativno;Da
670;11,5;-60,1;6,83;2,99;Negativno;Ne
671;8,0;-30,3;7,23;2,35;Negativno;Ne
672;12,6;-55,5;7,92;5,74;Negativno;Ne
673;6,5;-49,8;6,56;4,22;Negativno;Ne
674;4,9;-47,2;6,94;1,04;Negativno;Ne
675;9,0;-70,0;8,01;4,69;Negativno;Ne
676;12,3;-45,1;6,23;3,72;Negativno;Ne
677;9,2;-49,6;6,53;2,48;Negativno;Ne
678;2,2;-23,8;6,3;3,03;Negativno;Ne
679;12,5;-53,3;6,83;2,52;Negativno;Ne
680;7,9;-33,7;7,15;0,18;Negativno;Ne
681;3,8;-64,7;7,21;5,93;Negativno;Ne
682;13,4;-41,6;7,11;1,88;Negativno;Ne
683;12,6;-14,2;7,32;10,624126783846044;Pozitivno;Da
684;5,5;-73,0;6,44;4,21;Negativno;Ne
685;13,1;-26,1;7,4;2,5;Negativno;Ne
686;12,5;-41,5;7,48;1,18;Negativno;Ne
687;3,9;-60,8;7,08;1,19;Negativno;Ne
688;10,8;-49,6;7,04;2,44;Negativno;Ne
689;5,1;-58,8;7,53;2,41;Negativno;Ne
690;11,5;-40,9;7,53;2,78;Negativno;Ne
691;1,6;-55,6;6,02;2,59;Negativno;Ne
692;0,2;-71,2;6,55;5,81;Negativno;Ne
693;7,7;-44,5;7,73;5,97;Negativno;Ne
694;14,3;-7,4;6,64;4,612945029264052;Pozitivno;Da
695;8,3;-18,0;7,01;4,64;Negativno;Ne
696;5,4;-50,3;8,11;4,45;Negativno;Ne
697;9,7;-43,9;7,44;2,29;Pozitivno;Ne
698;10,2;-58,7;7,76;2,74;Negativno;Ne
699;12,5;-55,6;7,38;4,44;Negativno;Ne
700;8,2;-74,1;6,7;2,08;Negativno;Ne
701;10,3;-60,2;7,25;3,17;Pozitivno;Ne
702;14,9;-38,3;6,99;0,52;Negativno;Ne
703;6,0;-72,5;6,79;0,43;Pozitivno;Ne
704;9,1;-50,8;7,24;1,11;Negativno;Ne
705;6,2;-24,8;7,99;2,54;Negativno;Ne
706;5,1;-42,2;6,42;4,28;Negativno;Ne
707;4,6;-58,3;7,38;5,83;Negativno;Ne
708;0,3;-53,8;7,36;4,63;Negativno;Ne
709;8,6;-36,6;7,56;2,11;Negativno;Ne
710;13,2;-42,3;7,5;5,19;Negativno;Ne
711;7,4;-62,4;7,59;1,05;Negativno;Ne
712;8,4;-55,9;7,03;3,14;Negativno;Ne
713;10,2;-45,7;6,35;2,19;Negativno;Ne
714;1,1;-44,5;7,32;2,03;Negativno;Ne
715;2,9;-7,1;6,66;8,68294502926405;Pozitivno;Da
716;13,2;-64,7;7,88;3,08;Negativno;Da
717;14,1;-50,8;6,76;4,63;Negativno;Ne
718;11,8;-43,1;6,71;0,72;Pozitivno;Ne
719;13,2;-54,0;6,97;4,22;Negativno;Da
720;1,8;-76,0;6,48;3,39;Negativno;Ne
721;2,9;-36,4;7,47;4,65;Negativno;Ne
722;6,0;-64,4;7,17;5,12;Negativno;Ne
723;3,7;-8,0;6,12;1,32;Negativno;Ne
724;9,5;-70,5;6,31;4,2;Negativno;Ne
725;3,2;-33,9;6,16;3,57;Pozitivno;Ne
726;2,2;-59,3;6,21;0,45;Negativno;Ne
727;0,5;-68,8;7,59;5,54;Negativno;Ne
728;10,3;-44,5;6,88;5,1;Negativno;Ne
729;8,3;-37,8;7,2;0,81;Negativno;Ne
730;2,6;-77,2;7,15;2,38;Negativno;Ne
731;7,3;-53,0;6,34;3,51;Negativno;Ne
732;9,4;-64,0;7,95;0,66;Pozitivno;Ne
733;7,9;-42,5;7,41;0,66;Negativno;Ne
734;1,0;-35,8;7,71;2,81;Negativno;Ne
735;5,3;-48,7;5,96;2,85;Negativno;Ne
736;13,6;-73,2;7,32;3,0;Negativno;Ne
737;3,4;-43,8;7,69;1,04;Negativno;Ne
738;8,4;-72,2;5,34;3,86;Negativno;Ne
739;9,0;-37,1;6,39;2,17;Negativno;Ne
740;2,3;-39,6;7,1;3,51;Negativno;Ne
741;13,1;-57,4;7,26;4,54;Negativno;Ne
742;5,1;-54,0;6,4;2,38;Negativno;Ne
743;14,6;-60,2;7,3;3,95;Negativno;Ne
744;6,7;-30,9;7,23;1,56;Negativno;Ne
745;0,6;-84,2;7,21;4,96;Negativno;Ne
746;14,5;-43,5;6,66;3,79;Negativno;Ne
747;15,0;-90,9;7,1;0,46;Negativno;Ne
748;9,4;-46,8;7,42;3,51;Negativno;Ne
749;12,6;-35,5;6,17;4,25;Negativno;Ne
750;12,5;-41,6;6,45;0,86;Negativno;Ne
751;0,9;-66,0;7,08;3,29;Negativno;Ne
752;10,6;-48,1;7,34;4,04;Negativno;Ne
753;9,5;-50,3;6,88;4,39;Negativno;Ne
754;12,6;-42,5;6,68;4,83;Negativno;Ne
755;2,9;-79,7;7,17;2,89;Negativno;Ne
756;9,7;-49,1;7,64;0,74;Negativno;Ne
757;14,3;-33,7;6,56;5,7;Pozitivno;Ne
758;5,0;-50,3;7,01;4,82;Negativno;Ne
759;12,0;-51,6;7,08;0,99;Negativno;Ne
760;4,6;-13,9;5,91;5,39;Negativno;Ne
761;4,0;-53,4;6,85;1,92;Negativno;Ne
762;6,3;-42,7;7,49;5,05;Negativno;Ne
763;12,4;-60,3;7,18;3,63;Negativno;Ne
764;8,0;-35,5;6,98;2,28;Negativno;Ne
765;6,5;-46,5;6,44;0,36;Negativno;Ne
766;11,5;-32,9;7,1;3,41;Pozitivno;Ne
767;13,0;-29,9;7,48;5,71;Negativno;Ne
768;5,4;-56,2;7,2;5,24;Negativno;Ne
769;10,4;-59,1;8,25;5,14;Negativno;Ne
770;0,6;-74,3;7,02;5,53;Negativno;Ne
771;14,0;-49,1;7,7;0,29;Negativno;Ne
772;7,0;-53,9;6,11;0,52;Negativno;Ne
773;4,8;-52,3;6,63;1,88;Negativno;Ne
774;12,2;-58,7;7,28;3,25;Negativno;Ne
775;14,2;-8,1;6,98;5,817381190463323;Pozitivno;Da
776;6,7;-48,4;7,21;3,78;Negativno;Ne
777;8,6;-57,1;7,05;5,08;Negativno;Ne
778;15,0;-52,7;7,74;1,11;Negativno;Ne
779;1,8;-34,6;7,0;0,66;Negativno;Ne
780;14,2;-67,6;6,71;2,39;Negativno;Ne
781;7,4;-23,7;7,22;4,72;Negativno;Ne
782;11,8;-51,2;7,63;1,08;Negativno;Ne
783;6,5;-62,8;7,08;4,09;Negativno;Ne
784;6,5;-67,0;7,37;4,68;Negativno;Da
785;14,4;-33,3;8,09;4,28;Negativno;Ne
786;2,1;-44,8;8,39;3,69;Negativno;Ne
787;0,6;-58,1;7,45;3,46;Negativno;Ne
788;4,4;-74,5;7,98;4,6;Negativno;Ne
789;13,0;-37,0;7,1;2,43;Negativno;Ne
790;7,1;-38,3;6,37;1,53;Negativno;Ne
791;8,5;-24,5;6,86;3,08;Negativno;Ne
792;12,1;-43,5;6,25;5,91;Pozitivno;Ne
793;6,0;-51,8;7,11;2,23;Pozitivno;Ne
794;5,8;-52,6;6,47;5,25;Negativno;Ne
795;3,2;-44,8;6,52;0,44;Negativno;Ne
796;8,2;-63,4;7,41;0,85;Negativno;Ne
797;9,4;-47,2;7,33;0,24;Negativno;Ne
798;14,5;-62,3;7,54;1,14;Negativno;Ne
799;9,3;-38,3;6,38;0,74;Negativno;Ne
800;13,9;-71,7;7,01;2,5;Negativno;Ne
801;2,5;-62,8;7,57;4,61;Negativno;Ne
802;7,0;-31,0;6,3;0,53;Negativno;Ne
803;2,1;-69,7;7,16;0,18;Pozitivno;Ne
804;6,8;-36,2;6,65;1,97;Negativno;Ne
805;14,9;-46,6;7,85;1,28;Negativno;Ne
806;9,8;-54,0;7,1;1,14;Negativno;Ne
807;3,5;-54,7;6,91;1,54;Pozitivno;Ne
808;2,2;-58,9;8,01;4,17;Negativno;Ne
809;13,6;-61,5;6,85;4,53;Negativno;Da
810;10,4;-7,2;7,9;10,558774797867347;Pozitivno;Da
811;7,3;-59,1;7,61;3,11;Negativno;Da
812;10,0;-53,4;7,11;4,55;Negativno;Ne
813;7,5;-37,1;6,34;2,31;Negativno;Ne
814;14,2;-50,0;7,11;1,32;Pozitivno;Ne
815;3,9;-56,3;6,76;0,67;Negativno;Da
816;6,5;-59,7;7,25;4,74;Pozitivno;Da
817;12,0;-62,8;6,8;1,16;Negativno;Ne
818;13,4;-61,5;7,57;4,14;Negativno;Da
819;4,3;-62,1;7,36;0,37;Negativno;Ne
820;7,8;-52,1;7,43;4,62;Negativno;Ne
821;0,5;-51,6;6,88;1,48;Negativno;Ne
822;14,8;-34,1;6,61;3,16;Negativno;Ne
823;6,6;-47,8;7,45;2,54;Negativno;Ne
824;8,5;-44,4;7,1;3,99;Negativno;Ne
825;12,0;-50,5;7,01;1,57;Negativno;Ne
826;2,7;-39,5;6,81;4,77;Negativno;Ne
827;1,1;-58,0;7,25;4,24;Negativno;Ne
828;9,8;-12,6;6,75;5,1;Negativno;Ne
829;13,7;-64,7;6,52;4,24;Negativno;Ne
830;12,0;-63,6;8,03;3,86;Negativno;Ne
831;11,9;-50,7;7,29;3,85;Negativno;Ne
832;3,5;-29,8;7,22;2,84;Negativno;Ne
833;9,8;-42,0;6,99;5,54;Negativno;Ne
834;8,2;-68,3;7,86;1,14;Negativno;Ne
835;7,2;-46,3;8,31;5,33;Negativno;Da
836;7,6;-45,1;7,25;1,71;Negativno;Ne
837;1,7;-39,7;7,56;4,38;Pozitivno;Ne
838;0,1;-41,6;6,91;5,84;Negativno;Ne
839;8,9;-48,1;6,58;3,33;Pozitivno;Ne
840;4,4;-62,8;6,12;4,22;Negativno;Ne
841;14,3;-40,2;6,04;1,3;Negativno;Ne
842;14,2;-37,2;7,89;0,35;Negativno;Ne
843;9,8;-44,8;6,51;0,11;Negativno;Ne
844;8,7;-76,3;6,64;0,72;Negativno;Ne
845;2,8;-60,4;7,16;2,19;Negativno;Ne
846;4,1;-61,8;7,08;2,35;Negativno;Ne
847;2,2;-65,1;7,14;1,14;Pozitivno;Ne
848;4,4;-44,8;7,21;4,54;Pozitivno;Ne
849;9,1;-43,9;7,03;1,38;Negativno;Ne
850;7,9;-94,4;5,8;1,86;Negativno;Ne
851;8,8;-51,8;6,57;3,73;Negativno;Ne
852;14,3;-49,5;7,41;0,21;Negativno;Ne
853;5,2;-23,4;7,32;0,47;Negativno;Ne
854;2,4;-31,0;6,91;4,47;Negativno;Ne
855;14,5;-31,3;7,12;5,21;Negativno;Ne
856;1,2;-24,8;7,47;2,53;Negativno;Ne
857;5,0;-76,7;6,9;1,92;Negativno;Ne
858;13,6;-23,7;6,91;1,96;Negativno;Ne
859;15,0;-12,8;8,15;2,43;Negativno;Da
860;2,6;-47,9;7,7;2,83;Negativno;Ne
861;12,1;-45,6;7,33;3,87;Negativno;Ne
862;8,8;-43,6;7,23;5,92;Negativno;Ne
863;9,6;-63,9;6,12;1,66;Negativno;Ne
864;1,1;-82,8;6,48;3,66;Negativno;Ne
865;13,5;-60,7;6,63;3,21;Pozitivno;Ne
866;12,9;-59,5;6,58;3,69;Negativno;Ne
867;9,1;-31,2;6,84;1,21;Negativno;Ne
868;3,8;-54,0;7,85;1,96;Negativno;Ne
869;0,5;-42,5;6,65;5,64;Negativno;Ne
870;13,0;-57,5;7,1;4,87;Negativno;Ne
871;7,1;-20,6;6,81;5,66;Negativno;Ne
872;13,4;-31,9;6,71;0,38;Negativno;Ne
873;12,0;-54,7;6,45;2,3;Negativno;Ne
874;10,4;-41,1;6,8;5,56;Negativno;Ne
875;2,1;-47,6;7,13;3,43;Pozitivno;Ne
876;14,6;-56,0;7,11;5,73;Negativno;Ne
877;11,8;-39,5;7,1;1,11;Negativno;Ne
878;0,8;-63,3;6,87;4,22;Negativno;Ne
879;12,0;-41,9;6,96;0,15;Negativno;Ne
880;4,2;-67,7;6,95;3,63;Negativno;Ne
881;7,0;-44,9;7,05;5,6;Negativno;Ne
882;9,0;-43,1;6,78;5,29;Negativno;Ne
883;11,3;-11,0;6,22;0,56;Negativno;Ne
884;0,4;-43,7;6,65;1,9;Negativno;Ne
885;7,8;-54,6;7,27;2,19;Negativno;Ne
886;9,6;-35,6;7,15;3,9;Negativno;Ne
887;6,4;-30,9;7,3;2,28;Negativno;Ne
888;0,3;-39,5;7,03;0,48;Negativno;Ne
889;3,7;-65,2;6,04;2,87;Negativno;Ne
890;0,3;-35,9;7,0;4,6;Negativno;Ne
891;5,7;-60,4;7,21;3,76;Negativno;Ne
892;8,8;-68,1;6,76;1,24;Negativno;Ne
893;10,5;-54,0;7,17;4,13;Negativno;Ne
894;0,2;-74,8;6,7;2,4;Negativno;Ne
895;6,4;-7,8;7,04;0,47;Negativno;Ne
896;12,0;-55,3;7,34;3,35;Negativno;Ne
897;11,1;-34,8;7,79;5,6;Pozitivno;Ne
898;9,9;-59,0;7,63;2,65;Pozitivno;Ne
899;1,1;-63,5;5,76;5,43;Negativno;Ne
900;13,9;-61,7;6,57;3,54;Negativno;Ne
901;5,7;-59,2;6,67;3,73;Negativno;Ne
902;14,7;-77,0;7,19;2,86;Pozitivno;Ne
903;4,3;-45,5;7,08;1,79;Negativno;Ne
904;12,3;-44,5;6,81;5,15;Negativno;Ne
905;5,8;-65,4;6,52;0,65;Negativno;Da
906;0,9;-65,5;6,95;3,57;Negativno;Ne
907;2,4;-47,9;6,49;1,85;Pozitivno;Ne
908;5,3;-85,2;7,77;1,48;Pozitivno;Ne
909;5,1;-45,6;7,08;2,81;Negativno;Ne
910;11,4;-35,2;6,64;5,28;Negativno;Ne
911;2,6;-38,3;7,54;2,49;Negativno;Ne
912;12,1;-68,5;7,01;1,67;Negativno;Ne
913;11,3;-31,2;6,83;1,89;Negativno;Ne
914;2,3;-57,6;6,71;3,78;Negativno;Ne
915;8,6;-52,4;6,97;2,07;Negativno;Ne
916;11,6;-49,6;7,56;1,51;Negativno;Ne
917;1,4;-69,9;6,89;0,95;Negativno;Ne
918;13,9;-28,0;7,33;5,36;Pozitivno;Ne
919;11,7;-69,1;7,29;4,16;Negativno;Ne
920;2,2;-30,5;6,86;1,7;Negativno;Ne
921;7,4;-53,7;6,69;0,23;Negativno;Ne
922;6,4;-61,6;7,29;5,34;Negativno;Ne
923;1,2;-73,5;7,33;3,62;Negativno;Ne
924;3,7;-45,5;7,5;4,7;Negativno;Ne
925;7,3;-45,5;7,19;5,31;Negativno;Ne
926;0,4;-70,5;7,15;5,62;Negativno;Ne
927;3,0;-6,7;7,15;4,19;Negativno;Ne
928;11,5;-49,5;6,51;4,85;Negativno;Ne
929;6,8;-66,9;7,61;2,74;Negativno;Ne
930;2,4;-67,0;7,06;1,16;Negativno;Ne
931;13,3;-54,0;6,67;5,54;Negativno;Ne
932;14,3;-48,6;7,03;0,2;Negativno;Ne
933;8,3;-35,9;6,44;2,63;Negativno;Ne
934;6,1;-35,2;6,83;4,76;Negativno;Ne
935;5,6;-43,6;6,89;5,7;Pozitivno;Ne
936;2,0;-64,1;6,74;5,47;Negativno;Ne
937;1,8;-49,9;6,9;0,21;Negativno;Ne
938;11,1;-42,3;7,05;3,1;Negativno;Ne
939;3,2;-83,5;7,51;4,79;Negativno;Ne
940;3,0;-66,7;6,76;0,41;Negativno;Ne
941;11,5;-15,5;7,18;3,02;Negativno;Ne
942;12,8;-38,8;8,23;3,71;Negativno;Ne
943;5,3;-45,4;6,9;2,16;Negativno;Ne
944;8,7;-73,2;7,18;0,69;Negativno;Ne
945;8,9;-32,9;7,36;3,85;Negativno;Ne
946;5,4;-63,3;8,53;1,08;Pozitivno;Ne
947;7,7;-53,4;6,46;0,88;Negativno;Ne
948;13,9;-36,7;6,89;0,65;Negativno;Ne
949;7,5;-47,1;6,9;1,09;Negativno;Ne
950;2,4;-59,8;7,29;1,79;Negativno;Ne
951;2,7;-24,3;6,83;3,55;Negativno;Ne
952;4,0;-46,3;6,24;5,01;Negativno;Ne
953;14,4;-72,5;6,96;5,25;Negativno;Ne
954;6,1;-63,6;9,04;4,75;Negativno;Ne
955;9,6;-47,1;6,96;4,07;Pozitivno;Ne
956;6,3;-19,7;6,46;5,03;Pozitivno;Ne
957;11,9;-53,4;6,46;0,61;Negativno;Ne
958;2,1;-45,9;6,45;0,7;Negativno;Ne
959;9,4;-51,2;7,38;0,5;Negativno;Ne
960;9,8;-23,3;7,03;5,63;Negativno;Ne
961;2,9;-37,1;6,99;3,87;Negativno;Ne
962;4,9;-60,5;5,96;3,86;Negativno;Ne
963;3,8;-54,6;7,98;2,35;Negativno;Ne
964;4,3;-39,8;6,53;1,57;Negativno;Ne
965;12,5;-75,7;7,09;5,91;Negativno;Ne
966;10,4;-55,7;7,0;3,46;Negativno;Ne
967;5,0;-65,3;7,51;1,2;Negativno;Ne
968;1,3;-58,1;6,76;5,84;Negativno;Ne
969;14,2;-35,9;6,72;5,1;Negativno;Ne
970;12,3;-56,7;6,68;1,31;Pozitivno;Ne
971;3,2;-47,3;6,67;2,04;Negativno;Ne
972;13,2;-44,1;6,91;1,43;Negativno;Ne
973;14,4;-27,6;7,06;0,44;Negativno;Ne
974;2,3;-38,7;6,54;2,9;Negativno;Ne
975;12,3;-45,1;6,94;5,26;Negativno;Ne
976;14,0;-54,4;7,29;4,46;Negativno;Ne
977;7,6;-72,4;6,84;0,66;Negativno;Ne
978;3,0;150,0;-2,0;0,17;Pozitivno;Ne
979;7,0;-62,6;6,75;0,76;Negativno;Ne
980;8,7;-56,8;6,73;2,07;Negativno;Ne
981;14,8;-49,9;7,86;5,89;Negativno;Ne
982;14,5;-52,5;7,1;1,2;Negativno;Ne
983;6,5;-50,1;7,21;0,99;Negativno;Ne
984;14,7;-54,1;7,31;0,34;Pozitivno;Ne
985;14,1;-42,0;6,88;5,56;Negativno;Ne
986;14,1;-45,1;6,47;1,51;Pozitivno;Ne
987;15,0;-40,8;6,8;4,0;Negativno;Ne
988;7,9;-77,6;6,84;4,65;Negativno;Ne
989;6,6;-64,0;7,58;4,98;Negativno;Ne
990;0,8;-42,3;6,66;1,48;Negativno;Ne
991;6,5;-61,4;6,95;4,29;Negativno;Ne
992;4,6;-29,8;7,0;0,36;Negativno;Ne
993;3,7;-61,4;6,91;1,31;Negativno;Ne
994;9,5;-65,0;7,26;0,13;Pozitivno;Ne
995;10,5;-52,7;6,99;5,2;Negativno;Ne
996;13,8;-47,8;7,08;2,57;Negativno;Ne
997;0,4;-42,3;6,95;0,49;Negativno;Ne
998;11,3;-49,3;6,84;1,92;Negativno;Ne
999;9,2;-57,9;6,33;1,61;Negativno;Ne
1000;2,9;-40,4;7,16;1,56;Negativno;Ne
1001;13,2;-57,5;6,81;5,65;Negativno;Ne
1002;0,8;-46,8;6,9;1,15;Negativno;Ne
1003;11,2;-32,8;6,93;1,1;Negativno;Ne
1004;9,8;-102,7;5,91;1,02;Pozitivno;Ne
1005;10,7;-54,8;6,97;4,16;Pozitivno;Ne
1006;0,5;-73,6;7,36;5,56;Pozitivno;Ne
1007;0,9;-47,9;7,06;0,41;Negativno;Ne
1008;1,5;-47,1;6,88;3,19;Negativno;Ne
1009;4,3;-80,8;6,16;3,55;Negativno;Ne
1010;7,7;-51,5;7,27;2,62;Negativno;Ne
1011;13,9;-37,5;6,69;5,91;Negativno;Ne
1012;1,9;-34,0;7,5;5,39;Negativno;Ne
1013;10,6;-63,0;7,37;4,36;Negativno;Ne
1014;3,3;-27,7;6,44;0,94;Negativno;Ne
1015;1,4;-56,4;7,66;3,94;Negativno;Ne
1016;13,2;-60,7;7,23;5,42;Negativno;Ne
1017;3,6;-65,3;7,14;1,82;Negativno;Ne
1018;8,1;-33,0;7,23;4,52;Negativno;Ne
1019;8,6;-6,6;6,16;5,364126783846046;Pozitivno;Da
1020;5,6;-66,4;6,9;2,12;Negativno;Ne
1021;2,1;-79,1;7,17;4,01;Negativno;Ne
1022;9,0;-31,6;6,45;4,18;Negativno;Ne
1023;5,9;-25,1;6,79;0,88;Negativno;Ne
1024;14,5;-53,8;6,27;5,27;Negativno;Ne
1025;13,1;-40,0;6,72;3,61;Pozitivno;Ne
1026;9,6;-45,4;6,51;4,25;Negativno;Ne
1027;4,1;-53,8;7,6;5,31;Negativno;Ne
1028;12,6;-56,8;6,71;2,79;Negativno;Ne
1029;5,1;-28,4;7,57;2,59;Negativno;Ne
1030;0,9;-54,9;7,18;1,82;Negativno;Ne
1031;3,6;-71,6;7,28;2,61;Negativno;Ne
1032;3,3;-47,2;6,98;0,67;Negativno;Ne
1033;5,9;-50,0;7,73;5,35;Negativno;Ne
1034;12,7;-38,1;6,97;5,6;Negativno;Ne
1035;11,0;-33,2;7,27;2,97;Negativno;Ne
1036;14,5;-58,4;7,19;0,85;Negativno;Ne
1037;13,6;-33,0;6,95;3,76;Negativno;Ne
1038;5,1;-44,2;7,71;5,64;Negativno;Ne
1039;8,3;-67,5;6,94;5,95;Negativno;Ne
1040;12,2;-27,3;6,33;1,75;Negativno;Ne
1041;5,9;-63,0;7,11;2,61;Negativno;Ne
1042;5,9;-41,7;6,91;3,94;Negativno;Ne
1043;1,4;-67,4;7,26;3,09;Negativno;Ne
1044;13,8;-18,4;7,25;5,45;Pozitivno;Ne
1045;6,3;-40,4;7,04;0,18;Negativno;Ne
1046;8,4;-25,2;6,47;3,13;Negativno;Ne
1047;9,8;-61,9;6,71;5,12;Negativno;Ne
1048;3,0;-63,9;6,58;4,31;Negativno;Ne
1049;6,6;-54,3;7,31;3,9;Negativno;Ne
1050;8,9;-52,3;7,05;5,5;Pozitivno;Ne
1051;1,6;-33,3;6,6;2,35;Negativno;Ne
1052;8,7;-72,6;7,33;4,63;Negativno;Ne
1053;3,6;-56,2;6,81;3,56;Negativno;Ne
1054;12,2;-42,8;6,41;4,06;Negativno;Ne
1055;7,1;-53,7;7,67;4,09;Negativno;Ne
1056;11,5;-50,8;6,61;4,56;Negativno;Ne
1057;2,5;-56,2;6,42;3,65;Negativno;Ne
1058;3,3;-62,7;7,48;0,89;Negativno;Ne
1059;4,6;-35,5;7,9;3,82;Negativno;Da
1060;13,3;-81,4;7,03;4,87;Negativno;Ne
1061;15,0;-56,7;7,24;4,46;Negativno;Ne
1062;14,7;-43,0;7,35;1,86;Negativno;Ne
1063;8,0;-22,2;7,99;5,36;Pozitivno;Ne
1064;10,2;-49,9;6,03;2,78;Negativno;Ne
1065;7,5;-22,4;7,33;4,09;Negativno;Ne
1066;5,3;-29,5;6,55;3,2;Negativno;Ne
1067;3,2;-74,6;7,06;1,75;Negativno;Ne
1068;4,8;-38,4;8,07;3,34;Negativno;Ne
1069;6,2;-49,3;6,83;0,54;Negativno;Ne
1070;8,9;-22,8;7,49;3,51;Negativno;Ne
1071;14,4;-30,2;6,99;2,25;Negativno;Ne
1072;8,6;-52,0;6,16;1,73;Negativno;Ne
1073;7,5;-46,7;7,75;3,14;Negativno;Ne
1074;12,5;-30,0;6,7;5,24;Negativno;Ne
1075;3,7;-50,8;7,74;1,35;Negativno;Da
1076;3,5;-60,9;7,42;4,69;Negativno;Ne
1077;8,6;-72,9;7,38;2,95;Negativno;Ne
1078;8,2;-40,3;7,45;5,94;Negativno;Ne
1079;12,9;-56,8;7,46;4,38;Negativno;Ne
1080;3,5;-53,2;7,92;2,47;Negativno;Ne
1081;3,1;-42,3;5,94;3,92;Pozitivno;Ne
1082;14,8;-59,5;6,63;3,09;Negativno;Ne
1083;12,3;-41,2;6,68;4,68;Negativno;Ne
1084;0,2;-42,5;6,73;1,53;Negativno;Ne
1085;7,4;-52,0;6,53;3,67;Negativno;Ne
1086;14,2;-53,0;5,97;1,13;Negativno;Ne
1087;8,2;-18,1;6,99;4,39;Negativno;Ne
1088;0,7;-68,9;6,64;3,88;Pozitivno;Ne
1089;8,7;-40,3;6,52;0,52;Negativno;Ne
1090;7,8;-53,3;7,35;5,99;Negativno;Ne
1091;12,1;-52,1;6,76;4,85;Negativno;Ne
1092;14,4;-63,5;6,96;5,5;Negativno;Ne
1093;10,6;-55,8;6,73;5,96;Negativno;Ne
1094;10,9;-48,6;7,09;4,55;Negativno;Ne
1095;3,3;-41,5;7,63;0,34;Negativno;Ne
1096;7,4;-47,2;6,57;3,97;Negativno;Ne
1097;12,2;-60,7;7,73;1,21;Negativno;Ne
1098;9,1;-33,9;6,63;3,16;Negativno;Ne
1099;2,8;-64,8;7,28;5,7;Negativno;Ne
1100;6,4;-26,2;6,88;4,21;Pozitivno;Ne
1101;2,9;-68,7;6,03;0,98;Negativno;Ne
1102;14,5;-36,9;7,27;4,91;Pozitivno;Ne
1103;6,7;-47,3;7,23;4,74;Negativno;Ne
1104;6,6;-38,2;7,51;1,96;Negativno;Ne
1105;8,3;-20,1;7,02;4,73;Negativno;Ne
1106;3,8;-64,7;6,82;1,87;Negativno;Ne
1107;14,1;-22,6;6,49;4,49;Negativno;Ne
1108;5,6;-53,1;6,57;4,44;Negativno;Ne
1109;3,6;-62,7;7,0;3,83;Negativno;Ne
1110;1,4;-50,8;7,69;3,82;Negativno;Ne
1111;10,8;-51,7;6,58;0,9;Negativno;Ne
1112;1,9;-29,9;5,9;5,33;Negativno;Ne
1113;9,1;-29,5;6,32;3,94;Negativno;Ne
1114;2,9;-37,8;7,16;1,71;Negativno;Ne
1115;9,6;-67,4;7,48;4,85;Negativno;Ne
1116;0,7;-29,0;7,68;3,19;Negativno;Ne
1117;14,4;-23,3;6,69;0,82;Negativno;Ne
1118;9,2;-66,1;7,32;2,27;Negativno;Ne
1119;11,2;-60,0;6,5;5,82;Negativno;Ne
1120;3,4;-43,9;7,19;3,73;Negativno;Ne
1121;1,2;-53,3;6,78;5,65;Negativno;Ne
1122;13,3;-54,2;7,0;5,31;Negativno;Ne
1123;2,3;-47,9;6,13;2,27;Negativno;Ne
1124;4,3;-60,1;7,07;2,1;Negativno;Ne
1125;4,4;-53,3;6,53;2,22;Negativno;Ne
1126;3,5;-65,0;6,27;4,52;Negativno;Ne
1127;3,3;-43,4;7,24;3,42;Negativno;Ne
1128;11,1;-41,9;6,5;4,92;Negativno;Ne
1129;11,3;-48,1;7,05;3,32;Negativno;Ne
1130;0,9;-51,0;7,65;2,88;Pozitivno;Ne
1131;9,7;-100,5;6,77;3,69;Negativno;Ne
1132;5,6;-16,2;7,36;7,704126783846045;Pozitivno;Da
1133;7,8;-41,8;7,01;0,57;Negativno;Ne
1134;0,7;-69,3;6,64;0,16;Negativno;Ne
1135;1,2;-47,2;7,4;5,84;Negativno;Ne
1136;5,9;-44,7;7,4;3,55;Negativno;Ne
1137;13,4;150,0;-2,0;4,8;Pozitivno;Ne
1138;2,8;-37,4;6,87;2,83;Negativno;Ne
1139;1,0;-63,3;7,31;1,85;Negativno;Ne
1140;12,2;-23,2;6,9;3,63;Negativno;Ne
1141;4,9;-51,6;7,49;4,34;Negativno;Ne
1142;7,5;-46,9;7,07;5,71;Pozitivno;Ne
1143;3,8;-41,7;6,98;1,28;Negativno;Ne
1144;3,8;-54,1;7,03;3,27;Negativno;Ne
1145;10,3;-33,6;7,0;0,32;Negativno;Ne
1146;1,4;150,0;-2,0;5,22;Pozitivno;Ne
1147;12,8;-49,2;8,04;3,67;Negativno;Ne
1148;4,2;-43,1;6,24;5,29;Negativno;Ne
1149;13,7;-70,1;7,11;2,61;Negativno;Ne
1150;5,1;-25,2;6,72;1,82;Negativno;Ne
1151;11,4;-22,9;7,83;2,74;Negativno;Ne
1152;13,8;-61,4;6,54;2,79;Negativno;Ne
1153;5,9;-40,6;7,74;3,85;Negativno;Ne
1154;6,4;-70,6;7,37;2,37;Negativno;Ne
1155;14,3;-50,4;6,87;3,28;Negativno;Ne
1156;5,8;-58,8;7,32;1,73;Negativno;Ne
1157;3,7;-45,1;6,77;0,11;Negativno;Da
1158;8,5;-32,1;5,81;5,58;Negativno;Ne
1159;1,9;-29,8;7,75;4,31;Negativno;Ne
1160;14,0;-73,5;6,45;0,23;Negativno;Ne
1161;14,9;-78,8;6,5;2,17;Negativno;Ne
1162;5,9;-39,5;7,15;1,91;Negativno;Ne
1163;8,4;-49,0;7,56;5,25;Negativno;Ne
1164;1,4;-51,7;6,07;0,36;Negativno;Ne
1165;0,4;-61,8;6,8;4,7;Negativno;Ne
1166;13,4;-53,0;6,56;4,09;Negativno;Ne
1167;4,7;-63,1;6,96;5,99;Negativno;Ne
1168;0,3;-46,6;6,68;4,45;Negativno;Ne
1169;8,1;-32,8;7,14;0,67;Pozitivno;Ne
1170;5,6;-40,4;7,3;5,86;Negativno;Ne
1171;9,3;-71,9;7,76;4,83;Negativno;Ne
1172;7,9;-63,4;6,24;4,47;Negativno;Ne
1173;0,2;-44,0;7,31;1,15;Negativno;Ne
1174;6,9;-40,9;6,68;0,25;Negativno;Ne
1175;2,4;-51,1;7,02;3,89;Negativno;Ne
1176;12,4;-28,6;6,96;1,38;Negativno;Ne
1177;13,6;-54,0;7,14;2,17;Negativno;Ne
1178;14,8;-78,7;7,08;1,56;Negativno;Ne
1179;6,5;-54,0;6,85;5,27;Negativno;Ne
1180;14,9;-55,8;6,7;0,26;Negativno;Ne
1181;10,1;-49,7;6,96;1,92;Negativno;Ne
1182;10,5;-51,2;6,35;1,68;Pozitivno;Ne
1183;3,1;-51,9;7,72;1,45;Negativno;Ne
1184;9,9;-37,1;6,79;1,04;Negativno;Ne
1185;14,7;-56,6;7,21;0,5;Negativno;Ne
1186;8,3;-42,9;6,2;0,15;Negativno;Ne
1187;1,4;-46,7;7,06;4,17;Negativno;Ne
1188;13,0;-36,8;7,42;2,61;Negativno;Ne
1189;4,5;-41,0;7,26;2,6;Negativno;Ne
1190;2,1;-62,1;8,02;3,65;Negativno;Ne
1191;9,3;-62,6;7,12;4,41;Pozitivno;Ne
1192;5,9;-38,5;7,54;1,1;Negativno;Ne
1193;8,5;-38,9;6,97;3,9;Negativno;Ne
1194;14,5;-51,3;8,0;5,49;Negativno;Da
1195;6,6;-66,9;6,46;1,68;Negativno;Da
1196;14,9;-51,5;7,24;4,94;Pozitivno;Ne
1197;4,1;-46,9;6,94;2,85;Negativno;Ne
1198;6,3;-48,3;7,38;4,25;Negativno;Ne
1199;14,4;-48,4;7,48;4,55;Negativno;Ne
1200;1,9;-27,5;7,1;3,82;Negativno;Ne
1201;6,6;-43,2;7,27;3,68;Negativno;Ne
1202;6,6;-42,1;6,84;3,43;Negativno;Ne
1203;1,0;-60,3;7,95;2,24;Negativno;Ne
1204;13,5;-27,2;6,63;1,61;Negativno;Ne
1205;4,1;-67,0;6,7;3,1;Negativno;Ne
1206;14,9;-61,0;6,79;2,83;Negativno;Ne
1207;12,1;-69,6;6,69;3,84;Pozitivno;Ne
1208;1,3;-43,7;7,03;2,59;Negativno;Ne
1209;11,8;-34,4;6,31;3,85;Negativno;Ne
1210;5,8;-38,3;6,31;2,14;Negativno;Ne
1211;14,6;-35,9;7,15;0,39;Negativno;Ne
1212;9,6;-39,8;6,86;3,95;Negativno;Ne
1213;9,8;-42,3;6,96;0,22;Pozitivno;Ne
1214;9,7;-36,1;7,35;0,99;Negativno;Ne
1215;7,8;-51,6;7,44;3,96;Negativno;Ne
1216;14,9;-66,2;7,1;5,43;Negativno;Ne
1217;3,8;-50,4;6,22;1,39;Negativno;Ne
1218;3,2;-70,6;7,55;1,02;Negativno;Ne
1219;9,5;-50,3;6,78;4,25;Negativno;Ne
1220;10,3;-56,9;6,92;1,78;Negativno;Ne
1221;6,5;-79,6;6,43;5,21;Negativno;Ne
1222;11,4;-65,7;7,33;5,53;Negativno;Ne
1223;7,6;-48,4;7,24;0,74;Negativno;Ne
1224;7,6;-66,0;7,52;2,05;Negativno;Ne
1225;4,8;-33,3;6,67;3,78;Negativno;Ne
1226;13,9;-74,5;7,27;0,67;Negativno;Ne
1227;6,7;-46,8;7,15;1,37;Negativno;Ne
1228;3,3;-35,7;6,91;4,0;Pozitivno;Ne
1229;11,1;-41,2;7,25;5,41;Negativno;Ne
1230;6,1;-61,0;6,69;5,82;Negativno;Ne
1231;5,5;-53,4;7,54;4,63;Negativno;Ne
1232;4,0;-13,8;6,86;2,01;Negativno;Ne
1233;2,1;-39,7;7,31;5,96;Negativno;Ne
1234;10,3;-85,6;7,15;4,82;Negativno;Ne
1235;5,2;-37,0;6,67;2,75;Negativno;Ne
1236;1,6;-40,7;6,89;3,82;Negativno;Ne
1237;0,9;-63,8;7,3;1,86;Negativno;Ne
1238;11,8;-61,6;7,23;1,25;Negativno;Ne
1239;6,0;-33,6;7,64;5,75;Negativno;Ne
1240;11,2;-33,9;6,81;1,9;Negativno;Ne
1241;4,5;-34,3;7,55;0,83;Negativno;Ne
1242;0,4;-48,4;6,64;4,65;Negativno;Ne
1243;10,8;-10,5;6,33;3,85;Negativno;Ne
1244;8,9;-50,7;7,7;1,24;Negativno;Ne
1245;4,2;-53,9;6,91;3,29;Negativno;Ne
1246;12,7;-55,9;6,56;3,77;Negativno;Ne
1247;2,8;-83,7;7,18;5,76;Pozitivno;Ne
1248;4,4;-53,8;7,53;4,68;Negativno;Ne
1249;6,4;-47,2;7,05;3,71;Negativno;Ne
1250;10,3;-50,8;6,29;3,22;Negativno;Ne
1251;6,3;-34,5;7,25;4,51;Negativno;Ne
1252;0,5;-53,0;6,56;2,67;Negativno;Ne
1253;11,4;-42,7;7,48;2,67;Negativno;Ne
1254;1,5;-72,0;7,2;3,73;Negativno;Da
1255;11,6;-73,8;6,86;4,97;Negativno;Ne
1256;7,2;-6,0;7,14;9,438774797867348;Pozitivno;Da
1257;2,2;-51,8;6,99;5,53;Negativno;Ne
1258;1,8;-52,1;7,2;3,44;Negativno;Ne
1259;12,4;-49,7;7,06;4,3;Negativno;Da
1260;6,8;-35,8;6,63;1,14;Negativno;Ne
1261;8,0;-41,0;6,61;5,56;Negativno;Ne
1262;0,2;-58,3;7,83;5,48;Negativno;Ne
1263;8,2;-35,7;6,46;3,08;Negativno;Ne
1264;1,6;-37,8;6,6;1,72;Negativno;Ne
1265;12,9;-14,6;8,02;0,59;Negativno;Ne
1266;5,3;-65,4;6,79;5,48;Negativno;Ne
1267;12,4;-49,5;6,46;1,87;Negativno;Ne
1268;6,1;-24,4;8,35;5,95;Negativno;Ne
1269;13,7;-18,4;6,77;4,07;Negativno;Ne
1270;8,5;-45,2;6,42;2,84;Negativno;Da
1271;4,0;-67,8;7,05;2,22;Negativno;Ne
1272;11,5;-38,5;7,54;5,73;Negativno;Ne
1273;11,1;-61,0;7,29;1,1;Negativno;Da
1274;9,4;-56,2;6,87;1,26;Negativno;Ne
1275;11,6;-72,3;7,48;2,96;Negativno;Ne
1276;7,1;-64,1;7,28;4,27;Negativno;Ne
1277;2,2;-33,2;6,79;2,02;Negativno;Ne
1278;6,5;-36,5;7,29;4,46;Negativno;Ne
1279;12,4;-26,9;7,69;3,83;Negativno;Ne
1280;11,3;-60,9;6,71;1,09;Negativno;Ne
1281;0,4;-43,2;6,84;2,91;Negativno;Ne
1282;12,8;-77,5;7,36;4,67;Pozitivno;Da
1283;9,1;-32,0;7,38;4,86;Pozitivno;Ne
1284;12,1;-76,1;7,08;5,29;Pozitivno;Ne
1285;0,2;-39,2;7,02;5,5;Negativno;Ne
1286;13,7;-34,7;6,73;4,11;Negativno;Ne
1287;9,5;-57,3;5,49;4,25;Negativno;Ne
1288;3,3;-27,2;6,5;3,33;Negativno;Ne
1289;8,9;-55,9;6,39;2,49;Negativno;Ne
1290;7,6;-42,0;6,72;0,76;Negativno;Ne
1291;12,8;-59,4;7,81;4,38;Negativno;Ne
1292;2,4;-63,4;7,7;1,01;Negativno;Ne
1293;12,1;-47,7;7,57;1,9;Negativno;Ne
1294;9,6;-70,0;6,93;4,98;Negativno;Ne
1295;1,2;-62,8;6,24;4,21;Negativno;Ne
1296;7,6;-39,3;6,48;4,64;Negativno;Ne
1297;5,6;-45,2;7,48;2,63;Negativno;Ne
1298;10,9;-71,9;7,16;2,82;Negativno;Ne
1299;9,0;-33,2;6,91;0,1;Negativno;Ne
1300;11,5;-50,3;6,52;0,47;Pozitivno;Ne
1301;7,0;-62,7;7,19;2,73;Negativno;Ne
1302;4,8;-51,9;7,23;3,46;Negativno;Ne
1303;4,6;-73,3;7,35;4,09;Negativno;Ne
1304;10,1;-29,1;6,66;2,12;Negativno;Ne
1305;11,8;-19,2;7,18;1,91;Pozitivno;Ne
1306;2,2;-57,1;7,01;0,27;Negativno;Ne
1307;6,9;-10,5;7,33;9,824126783846046;Pozitivno;Da
1308;12,6;-12,5;6,58;4,09;Negativno;Ne
1309;13,4;-50,8;7,47;0,98;Negativno;Ne
1310;7,4;-33,2;7,84;3,59;Negativno;Ne
1311;1,7;-18,9;6,69;5,41;Negativno;Ne
1312;14,9;-5,0;7,4;7,724126783846046;Pozitivno;Da
1313;14,5;-72,8;7,48;0,41;Negativno;Ne
1314;10,8;-67,6;7,58;1,69;Negativno;Ne
1315;7,9;-60,9;7,21;0,42;Negativno;Ne
1316;10,7;-62,8;7,22;3,56;Negativno;Ne
1317;0,5;-54,2;6,47;1,99;Negativno;Ne
1318;13,0;-66,1;6,39;2,81;Negativno;Ne
1319;0,6;-6,6;6,42;6,032945029264052;Pozitivno;Da
1320;8,6;-59,6;6,82;0,49;Negativno;Ne
1321;2,7;-59,1;6,39;3,61;Negativno;Ne
1322;9,2;-53,4;6,14;3,84;Negativno;Ne
1323;7,7;-78,8;6,68;1,09;Negativno;Ne
1324;8,7;-27,0;5,73;0,51;Negativno;Ne
1325;8,6;-48,8;6,84;3,42;Negativno;Ne
1326;10,3;-62,6;7,31;1,88;Negativno;Ne
1327;1,8;-68,2;7,35;0,2;Negativno;Ne
1328;4,2;-35,2;5,94;2,01;Negativno;Ne
1329;12,4;-40,8;6,43;4,73;Negativno;Ne
1330;11,4;-48,1;6,98;2,24;Negativno;Ne
1331;8,8;-63,7;6,16;4,99;Negativno;Ne
1332;13,9;-48,3;7,13;1,48;Negativno;Ne
1333;11,7;-21,7;6,69;2,7;Negativno;Ne
1334;4,7;-31,1;7,25;0,1;Negativno;Ne
1335;1,9;-44,7;6,75;0,6;Negativno;Ne
1336;11,8;-57,6;6,62;5,24;Negativno;Ne
1337;10,5;-59,0;6,97;4,32;Negativno;Da
1338;5,1;-25,3;7,51;1,22;Negativno;Ne
1339;14,7;-40,6;7,32;2,48;Negativno;Ne
1340;9,5;-46,0;6,92;5,22;Negativno;Ne
1341;7,1;-11,1;7,68;4,282945029264052;Pozitivno;Da
1342;0,3;-80,3;7,16;3,06;Negativno;Ne
1343;10,1;-15,7;7,57;10,267381190463322;Pozitivno;Da
1344;10,9;-67,5;7,61;4,57;Negativno;Ne
1345;3,2;-76,3;6,73;3,1;Negativno;Ne
1346;8,0;-45,4;7,87;1,35;Negativno;Ne
1347;6,6;-48,9;7,81;4,86;Negativno;Ne
1348;3,9;-43,9;6,45;2,32;Negativno;Ne
1349;14,5;-59,2;6,18;4,91;Negativno;Ne
1350;2,1;-31,9;6,43;5,99;Negativno;Ne
1351;10,8;-62,1;6,68;5,42;Negativno;Ne
1352;2,1;-65,7;7,04;2,32;Negativno;Ne
1353;7,1;-43,5;6,41;5,28;Negativno;Da
1354;4,7;-37,1;6,88;4,26;Negativno;Ne
1355;4,5;-71,7;7,0;5,17;Negativno;Ne
1356;7,8;-67,5;5,91;1,49;Negativno;Ne
1357;6,9;-39,5;6,69;2,54;Pozitivno;Ne
1358;4,1;-49,2;7,54;0,65;Negativno;Ne
1359;11,6;-77,1;6,19;2,26;Negativno;Ne
1360;9,8;-48,6;5,0;3,44;Negativno;Ne
1361;12,6;-52,6;6,63;2,52;Negativno;Ne
1362;4,8;-56,8;6,97;5,35;Negativno;Ne
1363;13,6;-54,7;6,57;2,45;Negativno;Ne
1364;15,0;-33,3;6,85;3,65;Negativno;Ne
1365;9,8;-61,6;7,53;1,0;Negativno;Ne
1366;13,5;-60,4;7,81;0,38;Negativno;Ne
1367;1,8;-57,8;6,92;4,24;Negativno;Ne
1368;0,2;-42,8;8,24;4,81;Negativno;Ne
1369;11,9;-59,6;7,07;3,54;Negativno;Ne
1370;13,8;-34,0;7,02;1,98;Negativno;Ne
1371;3,9;-43,4;6,8;3,5;Negativno;Ne
1372;13,1;-35,4;7,15;2,82;Negativno;Ne
1373;14,6;-28,9;7,99;0,44;Negativno;Da
1374;15,0;-67,9;6,78;0,71;Negativno;Ne
1375;5,1;-41,6;6,47;1,04;Negativno;Ne
1376;7,1;-27,7;7,26;0,3;Negativno;Ne
1377;14,5;-48,3;7,29;1,93;Negativno;Ne
1378;9,2;-61,9;6,66;5,22;Negativno;Ne
1379;5,3;-20,9;7,17;1,58;Negativno;Ne
1380;1,7;-61,7;6,97;2,05;Negativno;Ne
1381;3,5;-50,0;7,41;1,17;Negativno;Ne
1382;10,0;-49,4;7,51;1,51;Negativno;Ne
1383;8,1;-43,9;7,8;2,03;Pozitivno;Ne
1384;1,2;-64,9;7,12;2,72;Negativno;Ne
1385;2,1;-58,3;6,96;2,33;Negativno;Ne
1386;2,6;-46,5;6,81;5,36;Negativno;Ne
1387;13,3;-63,4;6,75;1,36;Negativno;Ne
1388;5,4;-47,6;5,68;0,14;Negativno;Ne
1389;5,6;-33,5;7,28;2,77;Negativno;Ne
1390;6,2;-66,8;6,59;1,68;Negativno;Ne
1391;5,5;-36,6;6,2;4,66;Pozitivno;Ne
1392;5,5;-38,6;6,18;5,59;Negativno;Ne
1393;9,2;-52,5;7,09;1,09;Negativno;Ne
1394;6,8;-39,5;7,03;0,98;Negativno;Ne
1395;3,3;-58,7;7,0;1,06;Negativno;Ne
1396;7,4;-43,5;7,36;3,18;Negativno;Ne
1397;6,6;-71,8;6,57;3,49;Negativno;Ne
1398;10,5;-39,8;7,02;2,81;Negativno;Ne
1399;1,6;-35,6;7,51;1,2;Negativno;Ne
1400;12,7;-66,2;7,34;1,19;Negativno;Ne
1401;11,0;-70,8;6,78;3,99;Negativno;Ne
1402;9,8;-42,5;6,85;1,73;Negativno;Ne
1403;1,0;-49,8;6,6;4,45;Negativno;Ne
1404;2,8;-33,3;6,16;1,59;Negativno;Ne
1405;5,2;-68,1;7,14;1,33;Negativno;Ne
1406;9,5;-42,6;7,41;2,96;Negativno;Ne
1407;3,5;-72,3;6,82;0,24;Negativno;Ne
1408;7,1;-30,6;6,83;2,29;Negativno;Ne
1409;3,3;-46,5;6,39;0,16;Negativno;Ne
1410;11,7;-57,6;6,63;5,62;Negativno;Ne
1411;14,6;-12,5;7,24;9,038774797867347;Pozitivno;Da
1412;9,3;-54,6;7,37;0,92;Negativno;Ne
1413;0,4;-55,9;7,22;1,52;Negativno;Ne
1414;1,8;-44,5;6,33;4,21;Negativno;Ne
1415;1,9;-49,9;6,48;4,01;Negativno;Ne
1416;11,2;-55,5;6,89;4,01;Negativno;Da
1417;3,3;-51,4;7,14;3,61;Negativno;Ne
1418;13,1;-59,9;7,1;1,33;Negativno;Ne
1419;2,6;-62,6;7,64;5,85;Negativno;Ne
1420;6,8;-51,4;7,6;5,15;Negativno;Ne
1421;13,3;-39,9;7,2;5,96;Negativno;Ne
1422;14,0;-52,8;6,35;5,26;Negativno;Ne
1423;11,6;-65,4;7,81;1,23;Negativno;Ne
1424;14,7;-45,4;6,99;2,09;Negativno;Ne
1425;11,4;-42,0;7,57;1,79;Pozitivno;Ne
1426;1,2;-18,6;6,48;3,6;Negativno;Ne
1427;0,3;-76,4;6,46;4,14;Negativno;Ne
1428;5,6;-58,7;7,15;3,4;Negativno;Ne
1429;4,1;-56,7;6,38;0,96;Negativno;Ne
1430;7,1;-60,5;6,56;2,69;Negativno;Da
1431;13,2;-58,9;7,51;5,78;Negativno;Ne
1432;9,6;-53,2;6,32;0,37;Negativno;Ne
1433;12,8;-49,1;7,41;5,51;Negativno;Ne
1434;14,7;-65,6;6,68;0,8;Negativno;Ne
1435;0,9;-60,2;6,88;4,51;Negativno;Ne
1436;14,5;-48,5;6,75;0,59;Negativno;Ne
1437;10,7;-48,6;6,76;0,85;Negativno;Ne
1438;6,2;-68,8;7,06;4,72;Negativno;Ne
1439;2,1;-48,3;7,22;3,56;Negativno;Ne
1440;10,2;-62,8;6,78;3,62;Negativno;Ne
1441;13,4;-48,0;7,31;4,84;Negativno;Ne
1442;0,8;-63,2;7,41;4,14;Negativno;Ne
1443;3,0;-29,7;7,1;5,98;Negativno;Ne
1444;4,8;-33,7;7,34;1,86;Negativno;Ne
1445;2,0;-51,1;7,19;5,02;Negativno;Ne
1446;6,0;-55,6;6,7;5,77;Negativno;Ne
1447;7,4;-40,3;6,84;3,1;Negativno;Ne
1448;1,0;-60,1;6,52;1,79;Negativno;Ne
1449;0,7;-44,7;7,63;1,03;Negativno;Ne
1450;10,6;-46,1;7,22;3,27;Negativno;Ne
1451;12,8;-60,7;6,86;5,98;Negativno;Ne
1452;7,3;-56,3;7,32;2,04;Negativno;Ne
1453;10,4;-39,3;6,89;3,35;Negativno;Ne
1454;8,6;-82,3;6,71;4,11;Negativno;Ne
1455;11,4;-68,9;7,75;1,06;Negativno;Ne
1456;6,5;-55,0;7,34;3,0;Negativno;Ne
1457;3,5;-53,1;7,11;3,29;Negativno;Ne
1458;5,4;-61,9;7,39;2,12;Negativno;Ne
1459;13,3;-58,1;7,5;1,66;Pozitivno;Ne
1460;13,9;-61,4;7,84;0,89;Negativno;Ne
1461;13,4;-42,7;7,24;2,0;Negativno;Ne
1462;9,5;-26,6;7,43;2,92;Pozitivno;Ne
1463;3,1;-51,1;7,44;2,33;Negativno;Ne
1464;5,8;150,0;-2,0;0,68;Pozitivno;Ne
1465;14,7;-33,6;7,28;2,25;Negativno;Ne
1466;7,2;-78,4;7,31;5,82;Negativno;Ne
1467;12,9;-64,2;7,06;2,81;Negativno;Ne
1468;4,3;150,0;-2,0;4,88;Pozitivno;Ne
1469;14,5;-61,8;5,95;1,19;Negativno;Ne
1470;2,9;-40,6;6,38;0,84;Negativno;Ne
1471;12,2;-66,7;7,26;3,74;Negativno;Ne
1472;9,6;-57,9;7,11;2,03;Negativno;Ne
1473;4,8;-53,6;7,12;0,18;Negativno;Ne
1474;0,7;-64,5;8,0;4,38;Negativno;Ne
1475;6,0;-33,9;7,14;0,71;Negativno;Ne
1476;2,1;-44,6;6,26;1,44;Negativno;Ne
1477;5,6;-59,3;7,2;2,0;Negativno;Ne
1478;11,8;-60,9;6,81;3,88;Negativno;Ne
1479;3,5;-38,5;6,72;4,04;Negativno;Ne
1480;7,0;-59,8;7,5;1,8;Negativno;Da
1481;8,8;-33,1;7,1;1,91;Negativno;Ne
1482;7,2;-51,2;6,02;5,07;Negativno;Ne
1483;7,4;-77,3;6,2;3,59;Negativno;Ne
1484;5,0;-48,5;6,98;0,78;Negativno;Ne
1485;4,1;-46,5;6,46;3,34;Negativno;Ne
1486;11,0;-74,8;6,65;4,17;Negativno;Ne
1487;2,6;-56,5;8,09;2,92;Negativno;Ne
1488;1,6;-79,2;7,87;4,37;Negativno;Ne
1489;13,5;-52,3;7,46;2,51;Negativno;Da
1490;3,1;-48,5;7,24;3,76;Negativno;Ne
1491;7,0;-59,5;7,34;3,81;Negativno;Ne
1492;1,4;-56,0;7,02;3,24;Negativno;Ne
1493;4,8;-44,7;6,91;3,94;Pozitivno;Ne
1494;13,9;-14,4;6,87;2,33;Negativno;Da
1495;0,2;-68,0;7,6;5,2;Negativno;Ne
1496;13,9;-38,2;7,12;1,16;Pozitivno;Ne
1497;12,9;-48,2;6,38;3,08;Negativno;Ne
1498;5,4;-67,8;6,26;1,21;Negativno;Ne
1499;11,4;-42,9;6,89;1,2;Negativno;Ne
1500;7,5;-43,4;7,27;2,69;Negativno;Ne
1501;4,9;-43,7;7,68;3,22;Negativno;Ne
1502;12,3;-74,4;7,54;0,79;Negativno;Ne
1503;4,1;-57,2;7,14;2,0;Negativno;Ne
1504;4,4;-62,3;7,15;3,56;Negativno;Ne
1505;0,6;-42,6;7,06;4,87;Negativno;Ne
1506;10,3;-56,3;7,0;0,83;Negativno;Ne
1507;13,2;-47,4;6,94;4,45;Negativno;Ne
1508;5,2;-68,1;6,43;1,35;Negativno;Ne
1509;8,0;-57,2;6,84;2,59;Negativno;Ne
1510;6,1;-20,8;6,57;4,97;Negativno;Ne
1511;11,4;-47,7;8,39;1,6;Negativno;Ne
1512;1,3;-48,6;7,14;4,35;Negativno;Ne
1513;5,2;-35,2;7,08;1,08;Negativno;Ne
1514;4,7;-53,1;7,21;5,47;Negativno;Ne
1515;8,6;-47,0;5,67;2,04;Negativno;Ne
1516;2,5;-55,0;7,17;5,44;Negativno;Ne
1517;5,2;-42,6;6,58;2,74;Negativno;Ne
1518;1,6;-50,6;6,7;5,12;Negativno;Ne
1519;1,1;-51,6;6,53;5,59;Negativno;Ne
1520;5,5;-82,0;7,82;1,45;Negativno;Ne
1521;11,1;-60,3;7,3;2,56;Negativno;Ne
1522;10,6;-47,6;6,55;5,05;Negativno;Ne
1523;2,1;-27,1;7,71;4,61;Negativno;Ne
1524;6,4;-34,7;6,41;3,52;Pozitivno;Ne
1525;6,9;-73,4;6,7;1,78;Negativno;Ne
1526;6,3;-64,2;6,69;1,74;Negativno;Ne
1527;3,4;-59,6;7,08;5,22;Negativno;Ne
1528;14,8;-51,1;6,83;1,27;Negativno;Ne
1529;10,3;-46,6;7,43;4,2;Negativno;Ne
1530;1,6;-68,9;7,34;5,75;Negativno;Da
1531;4,9;-42,8;7,0;1,17;Negativno;Ne
1532;13,4;-39,2;7,53;5,22;Negativno;Ne
1533;6,4;-19,9;6,61;1,12;Negativno;Ne
1534;14,4;-29,4;6,85;5,31;Negativno;Ne
1535;5,2;-62,8;7,71;0,52;Pozitivno;Ne
1536;9,8;-67,0;6,62;0,29;Negativno;Da
1537;14,0;150,0;-2,0;2,52;Pozitivno;Da
1538;2,1;-41,8;8,04;2,67;Negativno;Ne
1539;11,8;-47,8;7,16;3,66;Negativno;Ne
1540;7,0;-52,2;6,92;5,16;Negativno;Ne
1541;12,3;-23,2;6,39;5,23;Negativno;Ne
1542;10,4;-17,9;6,9;2,33;Negativno;Ne
1543;3,3;-53,5;7,52;3,62;Negativno;Ne
1544;8,8;-67,5;6,23;5,62;Negativno;Ne
1545;4,7;-48,7;6,87;2,57;Negativno;Ne
1546;8,1;-41,4;6,92;5,64;Negativno;Da
1547;6,3;-44,3;7,7;2,21;Negativno;Ne
1548;6,6;-49,9;5,78;0,42;Negativno;Ne
1549;4,7;-26,1;7,31;2,48;Negativno;Ne
1550;10,4;-52,9;6,06;5,44;Negativno;Ne
1551;11,3;-43,2;6,83;2,59;Negativno;Ne
1552;8,1;-61,8;6,77;5,23;Negativno;Ne
1553;7,0;-43,9;6,57;1,56;Negativno;Ne
1554;14,8;-12,6;6,78;9,267381190463322;Pozitivno;Da
1555;6,6;-27,8;6,93;5,68;Negativno;Ne
1556;13,6;-42,5;6,85;0,36;Negativno;Ne
1557;9,0;-66,4;8,14;3,46;Negativno;Ne
1558;7,5;-46,9;7,38;3,89;Negativno;Ne
1559;12,6;-66,2;7,47;5,3;Negativno;Ne
1560;6,8;-24,0;7,89;4,02;Negativno;Ne
1561;12,7;-50,0;6,92;2,92;Pozitivno;Ne
1562;4,0;-32,0;7,5;5,48;Negativno;Ne
1563;14,9;-42,8;6,4;2,82;Pozitivno;Ne
1564;1,1;-41,7;7,28;0,71;Negativno;Da
1565;0,5;-46,2;6,97;0,68;Pozitivno;Ne
1566;4,4;-43,6;6,61;1,79;Negativno;Ne
1567;10,4;-74,6;7,32;1,2;Negativno;Ne
1568;14,2;-30,2;7,35;5,02;Negativno;Ne
1569;5,9;-28,7;7,89;4,73;Negativno;Ne
1570;12,3;-50,9;7,93;0,58;Negativno;Ne
1571;14,5;-38,6;5,99;6,0;Negativno;Ne
1572;4,8;-54,0;7,23;2,12;Negativno;Ne
1573;13,1;-45,8;7,31;0,21;Pozitivno;Ne
1574;9,0;-38,8;5,94;4,3;Negativno;Ne
1575;13,9;-57,8;6,47;4,17;Negativno;Ne
1576;3,3;-61,6;7,48;4,3;Negativno;Ne
1577;11,7;-28,3;7,14;4,98;Negativno;Ne
1578;10,9;-62,0;7,37;1,03;Negativno;Ne
1579;10,9;-55,3;7,05;4,62;Negativno;Ne
1580;7,1;-25,3;7,38;5,36;Negativno;Ne
1581;7,0;-48,2;6,4;3,84;Negativno;Ne
1582;5,4;-64,0;7,22;4,91;Negativno;Ne
1583;9,0;-42,3;7,57;3,54;Negativno;Ne
1584;10,3;-37,9;7,79;3,98;Negativno;Ne
1585;7,8;-43,9;6,72;5,12;Pozitivno;Ne
1586;3,1;-35,8;7,35;2,09;Negativno;Ne
1587;6,5;-52,0;7,15;0,1;Negativno;Ne
1588;13,1;-76,7;7,05;2,69;Negativno;Ne
1589;1,4;-56,3;7,28;0,5;Negativno;Ne
1590;13,4;-36,4;7,5;3,21;Negativno;Ne
1591;11,6;-15,0;6,52;1,67;Negativno;Da
1592;4,5;-40,9;6,11;2,19;Negativno;Ne
1593;6,9;-70,3;6,86;0,51;Negativno;Ne
1594;14,0;-22,9;7,23;1,58;Negativno;Ne
1595;9,8;-50,7;7,03;0,33;Negativno;Da
1596;1,0;-35,3;6,68;4,08;Negativno;Ne
1597;0,9;-35,4;7,14;1,51;Negativno;Ne
1598;1,8;-39,4;6,6;4,67;Negativno;Ne
1599;12,9;-54,2;7,06;3,77;Pozitivno;Ne
1600;14,6;-62,7;7,62;3,98;Negativno;Ne
1601;3,2;-42,9;6,94;2,56;Negativno;Ne
1602;4,2;-54,1;7,03;5,51;Negativno;Ne
1603;5,8;-45,1;6,89;2,64;Negativno;Ne
1604;0,7;-18,8;6,88;5,347381190463322;Pozitivno;Da
1605;3,2;-40,9;7,86;4,11;Negativno;Ne
1606;9,4;-59,5;7,69;2,75;Negativno;Da
1607;13,9;-60,3;6,9;5,57;Negativno;Ne
1608;10,6;-77,9;6,53;4,62;Negativno;Ne
1609;14,5;-42,5;6,92;3,89;Negativno;Ne
1610;1,5;-59,6;7,06;4,19;Negativno;Ne
1611;11,8;-48,4;7,16;1,32;Negativno;Da
1612;7,6;-66,6;7,25;3,67;Negativno;Ne
1613;2,0;-46,2;7,58;2,54;Negativno;Da
1614;14,4;-48,8;6,06;0,84;Negativno;Ne
1615;8,8;-37,4;7,68;0,64;Negativno;Ne
1616;6,6;-62,5;6,43;5,04;Negativno;Ne
1617;11,8;-54,7;7,64;1,41;Pozitivno;Ne
1618;5,8;-44,7;7,29;5,16;Negativno;Ne
1619;7,4;-29,5;7,57;5,3;Negativno;Ne
1620;9,1;-49,6;7,63;4,41;Negativno;Ne
1621;5,9;-57,0;6,97;2,61;Negativno;Ne
1622;11,6;-63,8;6,99;1,51;Pozitivno;Ne
1623;14,3;-50,0;7,13;5,33;Pozitivno;Ne
1624;14,5;-36,5;6,77;5,42;Negativno;Ne
1625;12,1;-65,9;7,53;0,67;Pozitivno;Ne
1626;10,5;-35,8;7,36;4,54;Negativno;Ne
1627;3,3;-57,4;6,59;0,61;Negativno;Ne
1628;4,9;-85,1;6,74;3,27;Negativno;Da
1629;7,1;-25,6;7,23;1,52;Negativno;Ne
1630;4,8;-18,2;6,71;6,514126783846045;Pozitivno;Da
1631;6,6;-56,7;6,68;4,39;Pozitivno;Ne
1632;8,7;-44,0;8,18;2,2;Negativno;Ne
1633;13,5;-58,3;6,65;1,11;Negativno;Ne
1634;14,5;-62,1;6,93;3,73;Negativno;Ne
1635;3,6;-74,3;7,45;3,53;Negativno;Ne
1636;12,4;-64,3;7,57;3,96;Negativno;Ne
1637;3,7;-54,2;7,35;3,06;Negativno;Ne
1638;12,7;-58,4;6,82;3,85;Negativno;Ne
1639;3,3;-47,0;5,96;1,7;Negativno;Ne
1640;10,5;-53,1;7,14;0,62;Negativno;Ne
1641;0,2;-48,5;6,62;4,35;Negativno;Ne
1642;11,8;-50,5;6,2;0,24;Negativno;Ne
1643;5,5;-21,2;5,72;0,39;Negativno;Ne
1644;6,8;-58,2;7,38;3,69;Negativno;Ne
1645;11,0;-51,8;6,6;1,27;Negativno;Ne
1646;6,1;-53,1;7,12;4,68;Negativno;Ne
1647;2,7;-30,4;7,41;5,45;Negativno;Ne
1648;14,6;-42,7;7,46;5,21;Negativno;Ne
1649;8,7;-46,1;6,79;2,26;Negativno;Ne
1650;5,2;-44,0;6,94;0,25;Negativno;Ne
1651;9,3;-45,2;7,04;4,72;Negativno;Ne
1652;7,0;-33,7;6,54;0,14;Negativno;Ne
1653;5,6;-36,3;7,1;0,79;Negativno;Ne
1654;9,8;-56,3;6,36;4,86;Negativno;Ne
1655;6,9;-82,5;7,54;0,45;Negativno;Ne
1656;7,0;-42,8;6,2;5,16;Negativno;Ne
1657;8,5;-47,6;7,75;2,35;Negativno;Ne
1658;11,7;-49,6;7,85;4,04;Negativno;Da
1659;14,8;-72,8;6,71;2,14;Negativno;Ne
1660;6,1;-84,5;6,65;5,3;Negativno;Ne
1661;8,3;-33,9;7,8;5,92;Negativno;Da
1662;4,8;-24,9;7,1;4,25;Negativno;Ne
1663;4,1;-39,8;7,03;5,38;Negativno;Ne
1664;2,4;-39,7;7,51;2,59;Negativno;Ne
1665;7,1;-68,5;7,03;0,48;Negativno;Ne
1666;8,0;-49,6;5,95;3,33;Negativno;Da
1667;1,9;-49,7;7,01;4,1;Negativno;Ne
1668;10,0;-43,7;6,03;1,17;Negativno;Ne
1669;0,5;-59,2;6,93;3,37;Negativno;Ne
1670;13,4;-33,2;6,97;3,68;Negativno;Ne
1671;6,5;-49,7;7,16;2,05;Negativno;Ne
1672;0,9;-51,3;6,52;3,53;Negativno;Ne
1673;14,9;-30,8;7,23;1,13;Negativno;Ne
1674;7,7;-38,2;8,21;3,14;Negativno;Ne
1675;13,2;-37,2;7,1;4,73;Negativno;Ne
1676;12,2;-53,3;6,18;5,51;Negativno;Ne
1677;8,7;-61,0;6,82;0,97;Negativno;Ne
1678;4,2;-53,0;6,74;3,39;Negativno;Ne
1679;12,9;-45,6;7,28;4,22;Negativno;Ne
1680;5,2;-66,2;7,16;0,65;Negativno;Da
1681;9,4;-25,1;8,01;2,69;Negativno;Ne
1682;3,7;-37,7;6,44;3,08;Negativno;Ne
1683;12,0;-7,2;6,63;5,627381190463322;Pozitivno;Da
1684;1,9;-46,8;7,43;5,4;Negativno;Ne
1685;14,9;-83,0;7,43;2,19;Negativno;Ne
1686;7,6;-49,8;7,02;1,92;Negativno;Ne
1687;2,2;-43,4;7,54;1,92;Negativno;Ne
1688;10,0;-39,9;5,98;3,35;Negativno;Ne
1689;4,9;-79,5;7,87;1,55;Negativno;Ne
1690;14,9;-37,6;7,25;2,96;Negativno;Ne
1691;13,1;-36,2;7,18;0,3;Negativno;Ne
1692;5,8;-55,9;7,13;5,92;Negativno;Ne
1693;7,7;-41,4;7,1;3,8;Negativno;Ne
1694;12,0;-52,5;7,39;4,09;Negativno;Ne
1695;12,2;-50,5;6,63;4,32;Negativno;Ne
1696;3,0;-61,7;6,3;4,51;Negativno;Ne
1697;1,8;-51,1;7,41;3,61;Negativno;Ne
1698;2,4;-19,0;8,27;3,04;Negativno;Ne
1699;2,7;-65,4;7,17;4,79;Negativno;Ne
1700;9,9;-33,3;6,2;1,35;Negativno;Ne
1701;1,9;-51,4;7,47;1,2;Negativno;Ne
1702;11,2;-67,0;7,0;1,89;Negativno;Ne
1703;10,0;-26,4;7,53;1,42;Negativno;Ne
1704;1,9;-15,6;6,69;3,38;Negativno;Ne
1705;10,8;-54,3;7,23;5,82;Negativno;Ne
1706;6,1;-56,1;7,13;5,32;Negativno;Ne
1707;3,4;-54,9;6,48;5,38;Pozitivno;Ne
1708;3,3;-67,8;6,71;2,55;Negativno;Da
1709;13,7;-61,3;6,87;4,68;Negativno;Ne
1710;4,0;-31,7;6,8;2,71;Negativno;Ne
1711;6,8;-37,6;6,77;4,07;Negativno;Ne
1712;4,1;-58,4;7,18;2,81;Negativno;Ne
1713;14,2;-58,3;6,51;4,75;Negativno;Ne
1714;5,1;-54,8;6,15;5,3;Negativno;Ne
1715;10,9;-49,6;6,5;3,65;Negativno;Ne
1716;0,3;-37,4;6,97;4,06;Negativno;Ne
1717;14,1;-59,9;6,77;3,53;Negativno;Ne
1718;14,3;-42,8;7,0;5,05;Negativno;Ne
1719;7,2;-38,2;7,25;0,55;Negativno;Ne
1720;7,2;-40,3;6,93;3,34;Negativno;Ne
1721;13,6;-58,9;7,02;1,74;Pozitivno;Ne
1722;1,4;-36,1;7,01;1,6;Negativno;Ne
1723;0,6;-56,4;6,14;1,08;Negativno;Ne
1724;5,4;-55,7;7,45;4,31;Negativno;Ne
1725;0,8;-32,7;6,4;1,89;Negativno;Ne
1726;7,0;-59,5;6,09;4,68;Pozitivno;Ne
1727;12,8;-46,4;7,32;1,19;Negativno;Da
1728;6,5;-23,8;7,46;2,82;Negativno;Ne
1729;7,5;-57,6;7,39;3,42;Negativno;Ne
1730;10,1;-63,4;7,8;5,7;Negativno;Ne
1731;9,9;-41,6;6,51;3,87;Negativno;Ne
1732;3,4;-42,8;6,95;3,87;Negativno;Ne
1733;13,4;-39,4;7,25;5,93;Negativno;Da
1734;11,5;-70,8;6,99;3,92;Negativno;Ne
1735;1,2;-34,3;6,89;0,73;Negativno;Ne
1736;12,2;-10,4;6,32;9,054126783846044;Pozitivno;Da
1737;6,9;-46,4;7,44;5,45;Negativno;Ne
1738;8,7;-64,5;7,04;0,16;Pozitivno;Ne
1739;5,1;-38,5;7,2;4,67;Pozitivno;Ne
1740;11,5;-32,1;6,89;2,44;Negativno;Ne
1741;0,3;-36,5;6,75;2,46;Negativno;Ne
1742;7,5;-43,2;6,7;1,07;Negativno;Ne
1743;6,8;-54,8;7,03;5,44;Negativno;Ne
1744;1,2;-62,4;7,92;0,22;Negativno;Ne
1745;6,4;-44,0;6,5;5,92;Negativno;Ne
1746;12,9;-40,8;6,18;0,28;Negativno;Ne
1747;5,5;-55,9;6,61;5,42;Negativno;Ne
1748;10,8;-52,3;7,13;5,36;Negativno;Ne
1749;2,9;-37,1;6,78;5,39;Negativno;Ne
1750;8,8;-24,3;6,49;5,51;Negativno;Ne
1751;10,6;-62,0;7,31;1,21;Pozitivno;Ne
1752;9,6;-71,8;7,51;3,24;Negativno;Ne
1753;14,7;-37,9;7,32;1,55;Negativno;Ne
1754;13,9;-70,8;6,38;1,01;Pozitivno;Da
1755;10,1;-32,2;6,48;0,55;Negativno;Da
1756;2,3;-52,7;7,06;4,78;Negativno;Ne
1757;6,7;-31,4;6,15;3,44;Negativno;Ne
1758;1,6;-37,2;6,72;1,71;Negativno;Ne
1759;1,0;-39,7;6,94;4,19;Negativno;Ne
1760;11,9;-49,2;6,3;0,67;Negativno;Ne
1761;10,8;-24,3;6,68;5,51;Negativno;Ne
1762;9,9;-54,1;7,36;1,56;Negativno;Ne
1763;5,1;-61,3;7,2;2,02;Negativno;Ne
1764;10,0;-46,1;6,59;3,26;Negativno;Ne
1765;5,2;-64,8;6,41;2,15;Negativno;Ne
1766;9,5;-31,5;6,15;5,01;Negativno;Da
1767;14,9;-39,3;7,45;1,52;Negativno;Ne
1768;6,0;-47,5;5,8;3,76;Negativno;Ne
1769;1,2;-42,5;6,8;2,24;Negativno;Ne
1770;5,8;-36,9;6,92;2,76;Negativno;Ne
1771;5,3;-31,7;7,26;1,89;Negativno;Ne
1772;2,6;-61,3;7,8;5,7;Negativno;Ne
1773;2,5;-32,1;6,3;3,42;Negativno;Ne
1774;13,8;-29,7;7,2;2,06;Negativno;Ne
1775;12,2;-56,0;7,74;5,12;Pozitivno;Ne
1776;7,9;-51,1;7,11;1,19;Negativno;Da
1777;0,8;-56,2;7,44;3,06;Negativno;Ne
1778;1,1;-46,8;7,23;2,07;Negativno;Ne
1779;10,6;-21,1;6,63;2,2;Negativno;Ne
1780;4,3;-48,3;6,58;1,43;Negativno;Ne
1781;8,5;-53,1;7,23;4,13;Pozitivno;Ne
1782;13,4;-28,6;7,17;1,17;Negativno;Ne
1783;10,7;-52,4;8,2;0,75;Negativno;Ne
1784;11,4;-57,2;6,23;4,32;Negativno;Ne
1785;5,7;-42,2;6,93;5,46;Negativno;Ne
1786;12,6;-51,3;7,68;1,05;Negativno;Ne
1787;10,6;-56,1;6,8;4,95;Negativno;Ne
1788;7,4;-33,3;6,76;0,28;Negativno;Ne
1789;14,7;-59,2;7,11;4,88;Negativno;Ne
1790;4,3;-66,4;6,62;1,95;Negativno;Ne
1791;6,8;-47,4;7,14;1,92;Negativno;Ne
1792;10,0;-67,1;7,56;2,06;Negativno;Ne
1793;4,7;-38,7;6,91;4,3;Negativno;Ne
1794;6,4;-34,4;6,56;3,35;Negativno;Ne
1795;0,2;-73,1;7,73;0,19;Negativno;Ne
1796;8,2;-75,4;6,99;4,34;Negativno;Ne
1797;3,9;-41,6;7,08;1,03;Negativno;Ne
1798;8,8;-36,8;6,85;5,01;Negativno;Ne
1799;1,8;-44,5;7,44;5,76;Negativno;Ne
1800;10,4;-43,1;7,04;1,8;Negativno;Ne
1801;5,1;-33,6;7,01;4,73;Negativno;Ne
1802;1,0;-60,8;6,77;0,77;Negativno;Ne
1803;5,8;-42,0;7,26;1,03;Negativno;Ne
1804;3,2;-49,9;7,1;2,09;Negativno;Ne
1805;9,2;-43,9;6,75;4,75;Negativno;Ne
1806;11,5;-42,7;6,91;1,2;Negativno;Ne
1807;9,1;-54,4;7,39;5,64;Negativno;Ne
1808;7,4;-54,8;6,91;2,97;Negativno;Ne
1809;8,5;-79,5;6,21;3,82;Negativno;Ne
1810;0,5;-30,9;6,63;2,39;Negativno;Ne
1811;6,7;-69,8;6,93;0,92;Negativno;Ne
1812;3,9;-38,1;7,23;1,77;Negativno;Ne
1813;8,1;-49,5;7,32;3,52;Negativno;Da
1814;8,9;-25,0;6,1;5,8;Negativno;Ne
1815;13,2;-65,7;7,46;5,59;Negativno;Ne
1816;14,0;-58,1;7,87;3,97;Negativno;Ne
1817;11,8;-68,0;7,48;4,55;Negativno;Ne
1818;4,1;-50,7;7,36;4,96;Negativno;Ne
1819;1,0;-59,5;7,26;5,0;Negativno;Da
1820;5,0;-61,0;7,36;5,0;Negativno;Ne
1821;2,3;-55,1;7,73;0,25;Negativno;Ne
1822;11,8;-63,3;7,42;0,75;Negativno;Ne
1823;9,7;-37,2;6,79;4,46;Negativno;Ne
1824;13,8;-50,8;7,29;3,97;Negativno;Ne
1825;7,4;-79,0;7,22;2,85;Negativno;Ne
1826;15,0;-83,0;6,88;3,49;Negativno;Ne
1827;1,1;-22,2;6,71;1,72;Negativno;Ne
1828;1,6;-38,3;6,33;5,13;Negativno;Ne
1829;0,2;-52,0;6,16;2,49;Negativno;Da
1830;12,1;-46,0;7,5;2,19;Negativno;Ne
1831;4,8;-51,2;6,92;1,93;Negativno;Ne
1832;14,1;-45,6;7,11;5,95;Negativno;Ne
1833;7,9;-44,1;7,11;2,35;Negativno;Ne
1834;13,9;-69,9;6,51;1,74;Negativno;Ne
1835;8,1;-41,4;6,75;2,19;Negativno;Ne
1836;12,3;-39,1;7,34;2,84;Negativno;Ne
1837;7,3;-60,6;6,63;1,86;Negativno;Ne
1838;13,4;-56,9;7,51;5,09;Negativno;Ne
1839;3,2;-56,4;6,89;5,74;Negativno;Ne
1840;6,2;-65,1;6,46;0,28;Negativno;Ne
1841;1,3;-37,9;7,44;1,06;Negativno;Ne
1842;7,7;-35,6;6,9;2,07;Negativno;Ne
1843;5,3;-83,1;7,21;2,67;Negativno;Ne
1844;6,6;-67,0;7,93;5,76;Negativno;Ne
1845;14,2;-53,2;7,4;1,98;Negativno;Ne
1846;2,2;-64,2;6,55;3,39;Negativno;Ne
1847;13,3;-46,7;7,18;4,34;Negativno;Ne
1848;13,3;-46,0;5,73;0,2;Negativno;Ne
1849;2,9;-72,1;6,99;0,15;Negativno;Ne
1850;2,4;-44,2;8,03;4,18;Negativno;Ne
1851;6,2;-44,0;6,22;2,41;Negativno;Ne
1852;9,6;-67,1;7,17;5,19;Negativno;Ne
1853;4,9;-68,0;6,86;1,23;Negativno;Ne
1854;2,1;-65,9;6,32;0,59;Negativno;Ne
1855;2,4;-47,6;7,08;5,59;Negativno;Ne
1856;5,0;-16,8;7,38;5,79;Negativno;Da
1857;7,5;-44,5;6,96;1,92;Negativno;Ne
1858;4,9;-52,4;6,61;4,91;Negativno;Ne
1859;0,3;-40,1;7,37;3,62;Negativno;Ne
1860;3,4;-46,2;6,22;1,19;Negativno;Ne
1861;8,7;-38,5;7,07;5,83;Negativno;Ne
1862;4,5;-13,3;6,28;6,632945029264052;Pozitivno;Da
1863;7,8;-41,7;7,29;0,26;Negativno;Ne
1864;3,5;-64,0;7,0;4,85;Negativno;Ne
1865;3,7;-38,3;7,03;2,41;Negativno;Ne
1866;4,0;-58,5;6,99;5,2;Negativno;Ne
1867;12,9;-55,3;6,45;3,84;Negativno;Ne
1868;1,0;-53,9;7,4;2,66;Negativno;Ne
1869;6,8;-71,4;7,11;4,76;Negativno;Ne
1870;10,1;-41,8;7,46;1,14;Negativno;Ne
1871;2,7;-50,1;7,75;5,47;Negativno;Ne
1872;5,1;-49,7;7,81;5,99;Negativno;Ne
1873;7,3;-43,4;6,48;0,94;Negativno;Ne
1874;10,2;-53,8;7,33;1,76;Negativno;Ne
1875;5,2;-47,9;7,3;1,32;Negativno;Ne
1876;6,9;-70,9;6,75;5,41;Negativno;Ne
1877;5,4;-54,2;6,56;2,55;Negativno;Ne
1878;2,1;-56,0;7,16;3,01;Negativno;Ne
1879;4,0;-42,8;6,03;0,1;Negativno;Ne
1880;0,6;-38,9;8,34;3,89;Negativno;Ne
1881;4,2;-44,4;6,78;4,08;Negativno;Ne
1882;1,3;-35,7;6,87;1,77;Negativno;Ne
1883;9,6;-44,8;6,89;1,46;Negativno;Da
1884;11,5;-17,4;6,88;4,8;Negativno;Ne
1885;2,5;-58,8;7,12;0,31;Negativno;Ne
1886;3,7;-5,2;6,91;10,407381190463322;Pozitivno;Da
1887;10,6;-53,3;6,59;1,65;Negativno;Ne
1888;12,0;-70,9;6,13;3,89;Negativno;Ne
1889;6,2;-37,1;7,45;4,5;Negativno;Ne
1890;14,1;-40,4;7,76;3,16;Negativno;Ne
1891;5,3;-63,5;7,37;5,16;Negativno;Ne
1892;13,4;-86,4;7,27;1,26;Negativno;Ne
1893;5,5;-51,2;6,81;4,73;Negativno;Ne
1894;9,8;-75,3;6,97;1,68;Negativno;Ne
1895;1,4;-65,0;7,88;2,63;Negativno;Ne
1896;6,8;-39,8;6,71;1,23;Negativno;Ne
1897;5,1;-58,7;6,93;4,12;Pozitivno;Ne
1898;3,1;-50,5;7,18;0,61;Negativno;Ne
1899;4,7;-50,9;7,35;2,96;Negativno;Ne
1900;8,9;-42,8;7,15;1,63;Negativno;Da
1901;1,0;-48,4;7,3;5,94;Negativno;Da
1902;6,6;-58,3;6,99;5,14;Pozitivno;Ne
1903;5,4;-36,6;6,89;4,14;Negativno;Ne
1904;9,0;-42,9;7,09;2,13;Negativno;Ne
1905;12,9;-88,0;6,38;3,09;Negativno;Ne
1906;13,6;-44,1;6,97;2,16;Negativno;Ne
1907;14,7;-42,5;7,18;4,19;Pozitivno;Ne
1908;6,3;-70,4;6,17;5,34;Negativno;Ne
1909;13,4;-43,8;7,21;4,33;Negativno;Ne
1910;7,8;-67,6;7,99;1,01;Negativno;Ne
1911;4,1;-48,0;7,61;3,84;Negativno;Ne
1912;14,6;-53,1;7,33;3,81;Negativno;Ne
1913;13,9;-57,9;7,5;1,69;Negativno;Ne
1914;11,1;-54,4;6,51;4,41;Negativno;Ne
1915;13,9;-32,0;6,57;3,05;Negativno;Ne
1916;5,4;-75,2;6,71;1,26;Negativno;Ne
1917;4,2;-60,9;7,47;1,45;Negativno;Ne
1918;0,8;-65,1;7,26;1,01;Pozitivno;Ne
1919;5,2;-44,4;7,83;3,99;Negativno;Da
1920;8,3;-50,6;7,15;4,0;Negativno;Ne
1921;8,2;-85,8;6,06;0,72;Negativno;Ne
1922;8,6;-40,7;7,45;0,87;Negativno;Ne
1923;4,4;-39,7;6,11;4,86;Negativno;Ne
1924;14,2;-57,1;6,79;2,22;Negativno;Ne
1925;2,6;-25,9;7,17;0,17;Negativno;Ne
1926;12,8;-44,1;6,96;3,33;Negativno;Ne
1927;14,7;-55,1;6,92;4,37;Negativno;Ne
1928;4,5;-81,0;7,29;2,52;Negativno;Ne
1929;9,8;-45,8;6,79;5,59;Negativno;Ne
1930;1,5;-76,6;6,81;3,99;Negativno;Ne
1931;13,6;-66,8;7,25;3,93;Negativno;Ne
1932;12,0;-57,7;7,06;2,7;Negativno;Ne
1933;4,3;-56,1;7,34;1,3;Negativno;Ne
1934;1,7;-74,8;7,4;2,49;Negativno;Ne
1935;3,0;-42,9;7,73;4,01;Negativno;Ne
1936;1,1;-52,7;7,67;2,26;Negativno;Ne
1937;9,8;-70,4;6,57;5,82;Negativno;Ne
1938;7,1;-54,9;7,41;4,89;Negativno;Ne
1939;2,2;-32,4;6,52;0,14;Pozitivno;Ne
1940;3,2;150,0;-2,0;4,86;Pozitivno;Ne
1941;8,0;-63,9;7,22;1,52;Negativno;Ne
1942;11,0;-64,1;6,84;3,01;Negativno;Ne
1943;0,7;-60,5;7,12;1,63;Negativno;Ne
1944;1,1;-42,3;6,83;4,7;Negativno;Ne
1945;6,4;-29,4;7,11;3,41;Negativno;Ne
1946;12,7;-58,7;7,44;5,51;Negativno;Ne
1947;5,9;-30,2;8,19;5,73;Negativno;Ne
1948;2,5;-48,9;7,46;0,64;Negativno;Ne
1949;10,2;-44,5;6,77;1,24;Pozitivno;Ne
1950;14,9;-57,8;7,68;0,21;Negativno;Ne
1951;9,6;-41,8;6,7;4,36;Negativno;Ne
1952;11,2;-58,6;6,72;4,34;Negativno;Ne
1953;11,3;-58,3;7,05;4,71;Negativno;Ne
1954;10,8;-69,4;6,58;5,36;Negativno;Ne
1955;12,3;-42,1;6,85;2,39;Negativno;Ne
1956;6,1;-44,0;7,06;0,39;Negativno;Ne
1957;3,7;-53,2;6,37;1,83;Negativno;Ne
1958;13,6;-50,8;7,25;2,63;Negativno;Ne
1959;6,4;-42,2;7,64;0,93;Negativno;Ne
1960;3,0;-36,5;6,47;1,96;Negativno;Ne
1961;6,1;-35,2;7,22;3,35;Negativno;Ne
1962;13,5;-41,9;6,47;5,43;Pozitivno;Ne
1963;7,7;-39,3;6,65;3,99;Negativno;Ne
1964;6,9;-39,7;6,69;5,65;Negativno;Ne
1965;12,9;-39,1;6,82;1,33;Negativno;Ne
1966;7,1;-44,3;7,1;2,01;Negativno;Ne
1967;12,2;-41,9;7,03;1,7;Negativno;Da
1968;3,6;-67,1;6,69;5,71;Negativno;Ne
1969;10,8;-22,9;7,85;1,34;Negativno;Ne
1970;3,7;-50,8;7,57;3,85;Negativno;Ne
1971;10,3;-36,3;6,71;1,1;Negativno;Ne
1972;2,6;-61,9;7,08;2,51;Negativno;Ne
1973;6,3;-47,6;6,95;4,7;Negativno;Ne
1974;4,3;-61,8;6,73;0,25;Negativno;Ne
1975;8,8;-32,8;5,99;3,75;Negativno;Ne
1976;4,2;-36,1;7,18;3,89;Negativno;Ne
1977;9,0;-70,9;6,55;4,57;Negativno;Ne
1978;2,0;-27,3;6,86;3,87;Negativno;Ne
1979;7,7;-44,3;7,35;2,34;Negativno;Ne
1980;9,3;-76,7;6,85;0,54;Negativno;Ne
1981;5,6;-42,2;6,94;1,24;Negativno;Ne
1982;6,8;-44,4;7,87;2,47;Negativno;Ne
1983;2,7;-45,0;6,85;3,73;Negativno;Ne
1984;10,4;-53,9;7,38;5,03;Negativno;Ne
1985;10,7;-41,0;7,28;0,12;Negativno;Ne
1986;13,0;-54,2;6,73;1,24;Negativno;Ne
1987;13,6;-49,6;6,8;4,33;Negativno;Ne
1988;11,2;-57,8;6,06;2,46;Negativno;Ne
1989;2,1;-41,0;6,33;1,71;Negativno;Ne
1990;5,0;-69,1;7,1;2,54;Negativno;Ne
1991;7,1;-39,2;7,32;0,31;Negativno;Da
1992;7,6;-36,2;7,04;2,75;Negativno;Ne
1993;12,1;-60,7;6,39;3,08;Negativno;Ne
1994;6,4;-33,7;7,22;1,3;Negativno;Ne
1995;8,2;-44,0;7,16;0,68;Negativno;Ne
1996;6,0;-61,0;6,5;5,65;Negativno;Ne
1997;3,6;-68,7;6,14;1,5;Pozitivno;Ne
1998;1,4;-55,9;6,91;2,99;Negativno;Ne
1999;4,7;-53,9;6,37;3,73;Negativno;Ne
2000;11,8;-44,5;6,66;0,41;Negativno;Ne
